,Sample_ID,latitude,longitude,is_replicate,replicate,bam_id,library,barcode,id,lane1_demulti_filename,lane2_demulti_filename
0,101,38.39307897,-86.60032883,False,,0,1,GTGT,101,data/lane1/subset/1_S1_L001_R1_001_GTGT.tr0,data/lane2/subset/1_S1_L002_R1_001_GTGT.tr0
1,105,38.00347024,-86.69126344,False,105LC,1,3,GTGT,105,data/lane1/subset/3_S3_L001_R1_001_GTGT.tr0,data/lane2/subset/3_S3_L002_R1_001_GTGT.tr0
2,109,38.08378124,-86.64713815,False,109LC,2,6,GTGT,109,data/lane1/subset/6_S6_L001_R1_001_GTGT.tr0,data/lane2/subset/6_S6_L002_R1_001_GTGT.tr0
3,113,38.3050981,-86.36476898,False,,3,1,AGAC,113,data/lane1/subset/1_S1_L001_R1_001_AGAC.tr0,data/lane2/subset/1_S1_L002_R1_001_AGAC.tr0
4,116,38.36929311,-86.33722682,False,,4,2,AGAC,116,data/lane1/subset/2_S2_L001_R1_001_AGAC.tr0,data/lane2/subset/2_S2_L002_R1_001_AGAC.tr0
5,123,38.08510852,-86.55149598,False,,5,7,AGAC,123,data/lane1/subset/7_S7_L001_R1_001_AGAC.tr0,data/lane2/subset/7_S7_L002_R1_001_AGAC.tr0
6,130,38.28406242,-86.45720764,False,,6,2,ACCA,130,data/lane1/subset/2_S2_L001_R1_001_ACCA.tr0,data/lane2/subset/2_S2_L002_R1_001_ACCA.tr0
7,131,38.42191441,-86.26316682,False,131LC,7,3,ACCA,131,data/lane1/subset/3_S3_L001_R1_001_ACCA.tr0,data/lane2/subset/3_S3_L002_R1_001_ACCA.tr0
8,141,38.42125066,-86.26654148,False,,8,1,AGTG,141,data/lane1/subset/1_S1_L001_R1_001_AGTG.tr0,data/lane2/subset/1_S1_L002_R1_001_AGTG.tr0
9,401,38.17610557,-86.60846983,False,,9,3,CATC,401,data/lane1/subset/3_S3_L001_R1_001_CATC.tr0,data/lane2/subset/3_S3_L002_R1_001_CATC.tr0
10,802,38.08335007,-86.62874186,False,,10,5,CATC,802,data/lane1/subset/5_S5_L001_R1_001_CATC.tr0,data/lane2/subset/5_S5_L002_R1_001_CATC.tr0
11,804,38.20438184,-86.35268183,False,,11,7,CATC,804,data/lane1/subset/7_S7_L001_R1_001_CATC.tr0,data/lane2/subset/7_S7_L002_R1_001_CATC.tr0
12,805,38.20426757,-86.43717888,False,,12,8,CATC,805,data/lane1/subset/8_S8_L001_R1_001_CATC.tr0,data/lane2/subset/8_S8_L002_R1_001_CATC.tr0
13,806,38.30175864,-86.44814632,False,806replicate,13,1,GTGA,806,data/lane1/subset/1_S1_L001_R1_001_GTGA.tr0,data/lane2/subset/1_S1_L002_R1_001_GTGA.tr0
14,808,38.31254332,-86.13154465,False,,14,3,GTGA,808,data/lane1/subset/3_S3_L001_R1_001_GTGA.tr0,data/lane2/subset/3_S3_L002_R1_001_GTGA.tr0
15,810,38.53539583,-86.50276712,False,,15,4,GTGA,810,data/lane1/subset/4_S4_L001_R1_001_GTGA.tr0,data/lane2/subset/4_S4_L002_R1_001_GTGA.tr0
16,811,38.53181145,-86.49426289,False,,16,5,GTGA,811,data/lane1/subset/5_S5_L001_R1_001_GTGA.tr0,data/lane2/subset/5_S5_L002_R1_001_GTGA.tr0
17,814,38.04369979,-86.65125212,False,,17,8,GTGA,814,data/lane1/subset/8_S8_L001_R1_001_GTGA.tr0,data/lane2/subset/8_S8_L002_R1_001_GTGA.tr0
18,816,38.08746485,-86.63179364,False,,18,2,TCAG,816,data/lane1/subset/2_S2_L001_R1_001_TCAG.tr0,data/lane2/subset/2_S2_L002_R1_001_TCAG.tr0
19,819,38.07924839,-86.62803983,False,,19,5,TCAG,819,data/lane1/subset/5_S5_L001_R1_001_TCAG.tr0,data/lane2/subset/5_S5_L002_R1_001_TCAG.tr0
20,820,38.07151151,-86.63221982,False,,20,6,TCAG,820,data/lane1/subset/6_S6_L001_R1_001_TCAG.tr0,data/lane2/subset/6_S6_L002_R1_001_TCAG.tr0
21,824,38.02285673,-86.53279189,False,,21,1,GCTT,824,data/lane1/subset/1_S1_L001_R1_001_GCTT.tr0,data/lane2/subset/1_S1_L002_R1_001_GCTT.tr0
22,827,37.94374163,-86.73166618,False,,22,5,GCTT,827,data/lane1/subset/5_S5_L001_R1_001_GCTT.tr0,data/lane2/subset/5_S5_L002_R1_001_GCTT.tr0
23,829,41.51192596,-87.08283051,False,,23,7,GCTT,829,data/lane1/subset/7_S7_L001_R1_001_GCTT.tr0,data/lane2/subset/7_S7_L002_R1_001_GCTT.tr0
24,830,41.55781752,-86.74712343,False,,24,8,GCTT,830,data/lane1/subset/8_S8_L001_R1_001_GCTT.tr0,data/lane2/subset/8_S8_L002_R1_001_GCTT.tr0
25,831,38.30232892,-86.45040241,False,,25,1,CTAC,831,data/lane1/subset/1_S1_L001_R1_001_CTAC.tr0,data/lane2/subset/1_S1_L002_R1_001_CTAC.tr0
26,832,38.33199745,-86.54219814,False,,26,2,CTAC,832,data/lane1/subset/2_S2_L001_R1_001_CTAC.tr0,data/lane2/subset/2_S2_L002_R1_001_CTAC.tr0
27,835,38.07027858,-86.63453998,False,,27,4,CTAC,835,data/lane1/subset/4_S4_L001_R1_001_CTAC.tr0,data/lane2/subset/4_S4_L002_R1_001_CTAC.tr0
28,836,38.07841834,-86.62810783,False,,28,5,CTAC,836,data/lane1/subset/5_S5_L001_R1_001_CTAC.tr0,data/lane2/subset/5_S5_L002_R1_001_CTAC.tr0
29,837,38.07969516,-86.6280319,False,,29,6,CTAC,837,data/lane1/subset/6_S6_L001_R1_001_CTAC.tr0,data/lane2/subset/6_S6_L002_R1_001_CTAC.tr0
30,838,38.08655054,-86.63079505,False,,30,7,CTAC,838,data/lane1/subset/7_S7_L001_R1_001_CTAC.tr0,data/lane2/subset/7_S7_L002_R1_001_CTAC.tr0
31,839,38.3014326,-86.44738693,False,,31,8,CTAC,839,data/lane1/subset/8_S8_L001_R1_001_CTAC.tr0,data/lane2/subset/8_S8_L002_R1_001_CTAC.tr0
32,840,38.20410484,-86.1157069,False,,32,1,TGTC,840,data/lane1/subset/1_S1_L001_R1_001_TGTC.tr0,data/lane2/subset/1_S1_L002_R1_001_TGTC.tr0
33,841,38.19754984,-86.12101197,False,,33,2,TGTC,841,data/lane1/subset/2_S2_L001_R1_001_TGTC.tr0,data/lane2/subset/2_S2_L002_R1_001_TGTC.tr0
34,842,38.85049032,-86.48705655,False,,34,3,TGTC,842,data/lane1/subset/3_S3_L001_R1_001_TGTC.tr0,data/lane2/subset/3_S3_L002_R1_001_TGTC.tr0
35,845,38.08836686,-86.64293091,False,,35,6,TGTC,845,data/lane1/subset/6_S6_L001_R1_001_TGTC.tr0,data/lane2/subset/6_S6_L002_R1_001_TGTC.tr0
36,846,38.07880938,-86.62806712,False,,36,7,TGTC,846,data/lane1/subset/7_S7_L001_R1_001_TGTC.tr0,data/lane2/subset/7_S7_L002_R1_001_TGTC.tr0
37,848,38.08894624,-86.6343489,False,,37,1,TCAC,848,data/lane1/subset/1_S1_L001_R1_001_TCAC.tr0,data/lane2/subset/1_S1_L002_R1_001_TCAC.tr0
38,851,38.205026,-86.10992237,False,,38,3,TCAC,851,data/lane1/subset/3_S3_L001_R1_001_TCAC.tr0,data/lane2/subset/3_S3_L002_R1_001_TCAC.tr0
39,852,38.06929947,-86.99224759,False,,39,4,TCAC,852,data/lane1/subset/4_S4_L001_R1_001_TCAC.tr0,data/lane2/subset/4_S4_L002_R1_001_TCAC.tr0
40,853,38.41688728,-86.13912845,False,,40,5,TCAC,853,data/lane1/subset/5_S5_L001_R1_001_TCAC.tr0,data/lane2/subset/5_S5_L002_R1_001_TCAC.tr0
41,854,38.08501014,-86.64647334,False,,41,6,TCAC,854,data/lane1/subset/6_S6_L001_R1_001_TCAC.tr0,data/lane2/subset/6_S6_L002_R1_001_TCAC.tr0
42,855,38.0648474,-87.00124259,False,,42,7,TCAC,855,data/lane1/subset/7_S7_L001_R1_001_TCAC.tr0,data/lane2/subset/7_S7_L002_R1_001_TCAC.tr0
43,856,38.27867485,-86.37331115,False,,43,8,TCAC,856,data/lane1/subset/8_S8_L001_R1_001_TCAC.tr0,data/lane2/subset/8_S8_L002_R1_001_TCAC.tr0
44,857,38.36344502,-86.8897675,False,,44,1,GACT,857,data/lane1/subset/1_S1_L001_R1_001_GACT.tr0,data/lane2/subset/1_S1_L002_R1_001_GACT.tr0
45,858,38.36710595,-86.87021078,False,,45,2,GACT,858,data/lane1/subset/2_S2_L001_R1_001_GACT.tr0,data/lane2/subset/2_S2_L002_R1_001_GACT.tr0
46,860,38.08956845,-86.63929952,False,,46,4,GACT,860,data/lane1/subset/4_S4_L001_R1_001_GACT.tr0,data/lane2/subset/4_S4_L002_R1_001_GACT.tr0
47,861,38.07214241,-86.63142505,False,,47,5,GACT,861,data/lane1/subset/5_S5_L001_R1_001_GACT.tr0,data/lane2/subset/5_S5_L002_R1_001_GACT.tr0
48,863,38.08827421,-86.63297135,False,,48,7,GACT,863,data/lane1/subset/7_S7_L001_R1_001_GACT.tr0,data/lane2/subset/7_S7_L002_R1_001_GACT.tr0
49,933,40.273502,-86.126976,False,,49,8,GACT,933,data/lane1/subset/8_S8_L001_R1_001_GACT.tr0,data/lane2/subset/8_S8_L002_R1_001_GACT.tr0
50,934,38.90987792,-86.04692353,False,,50,9,GTGT,934,data/lane1/subset/9_S9_L001_R1_001_GTGT.tr0,data/lane2/subset/9_S9_L002_R1_001_GTGT.tr0
51,935,38.98788206,-85.62380623,False,935replicate,51,10,GTGT,935,data/lane1/subset/10_S10_L001_R1_001_GTGT.tr0,data/lane2/subset/10_S10_L002_R1_001_GTGT.tr0
52,936,38.00438689,-87.01024581,False,,52,11,GTGT,936,data/lane1/subset/11_S11_L001_R1_001_GTGT.tr0,data/lane2/subset/11_S11_L002_R1_001_GTGT.tr0
53,937,38.83753118,-86.47413391,False,,53,12,GTGT,937,data/lane1/subset/12_S12_L001_R1_001_GTGT.tr0,data/lane2/subset/12_S12_L002_R1_001_GTGT.tr0
54,938,39.02789268,-86.95667514,False,,54,13,GTGT,938,data/lane1/subset/13_S13_L001_R1_001_GTGT.tr0,data/lane2/subset/13_S13_L002_R1_001_GTGT.tr0
55,939,38.84900502,-86.48965605,False,,55,14,GTGT,939,data/lane1/subset/14_S14_L001_R1_001_GTGT.tr0,data/lane2/subset/14_S14_L002_R1_001_GTGT.tr0
56,940,38.70224048,-85.81325811,False,,56,15,GTGT,940,data/lane1/subset/15_S15_L001_R1_001_GTGT.tr0,data/lane2/subset/15_S15_L002_R1_001_GTGT.tr0
57,941,41.09639058,-85.07490068,False,,57,16,GTGT,941,data/lane1/subset/16_S16_L001_R1_001_GTGT.tr0,data/lane2/subset/16_S16_L002_R1_001_GTGT.tr0
58,943,41.65353068,-84.99818992,False,,58,10,AGAC,943,data/lane1/subset/10_S10_L001_R1_001_AGAC.tr0,data/lane2/subset/10_S10_L002_R1_001_AGAC.tr0
59,103LC,38.34543641,-86.36133849,False,,59,2,GTGT,103LC,data/lane1/subset/2_S2_L001_R1_001_GTGT.tr0,data/lane2/subset/2_S2_L002_R1_001_GTGT.tr0
60,105LC,38.00347024,-86.69126344,True,,60,4,GTGT,105LC,data/lane1/subset/4_S4_L001_R1_001_GTGT.tr0,data/lane2/subset/4_S4_L002_R1_001_GTGT.tr0
61,107LC,38.15219897,-86.35750322,False,,61,5,GTGT,107LC,data/lane1/subset/5_S5_L001_R1_001_GTGT.tr0,data/lane2/subset/5_S5_L002_R1_001_GTGT.tr0
62,109LC,38.07067724,-86.64244825,True,,62,7,GTGT,109LC,data/lane1/subset/7_S7_L001_R1_001_GTGT.tr0,data/lane2/subset/7_S7_L002_R1_001_GTGT.tr0
63,111LC,38.31203809,-86.13147061,False,,63,8,GTGT,111LC,data/lane1/subset/8_S8_L001_R1_001_GTGT.tr0,data/lane2/subset/8_S8_L002_R1_001_GTGT.tr0
64,117LC,38.2193307,-86.36704621,False,,64,3,AGAC,117LC,data/lane1/subset/3_S3_L001_R1_001_AGAC.tr0,data/lane2/subset/3_S3_L002_R1_001_AGAC.tr0
65,120LC,38.01301728,-86.64726231,False,,65,4,AGAC,120LC,data/lane1/subset/4_S4_L001_R1_001_AGAC.tr0,data/lane2/subset/4_S4_L002_R1_001_AGAC.tr0
66,120RE,38.01301728,-86.64726231,True,,66,5,AGAC,120RE,data/lane1/subset/5_S5_L001_R1_001_AGAC.tr0,data/lane2/subset/5_S5_L002_R1_001_AGAC.tr0
67,122LC-conc,38.01252689,-86.65207198,False,,67,6,AGAC,122LC-conc,data/lane1/subset/6_S6_L001_R1_001_AGAC.tr0,data/lane2/subset/6_S6_L002_R1_001_AGAC.tr0
68,125LC,38.36662822,-86.33135596,False,,68,8,AGAC,125LC,data/lane1/subset/8_S8_L001_R1_001_AGAC.tr0,data/lane2/subset/8_S8_L002_R1_001_AGAC.tr0
69,128LC,39.18737721,-85.52041671,False,,69,1,ACCA,128LC,data/lane1/subset/1_S1_L001_R1_001_ACCA.tr0,data/lane2/subset/1_S1_L002_R1_001_ACCA.tr0
70,131LC,38.41860582,-86.26298278,True,,70,4,ACCA,131LC,data/lane1/subset/4_S4_L001_R1_001_ACCA.tr0,data/lane2/subset/4_S4_L002_R1_001_ACCA.tr0
71,134LC,38.0859825,-86.7238947,False,,71,5,ACCA,134LC,data/lane1/subset/5_S5_L001_R1_001_ACCA.tr0,data/lane2/subset/5_S5_L002_R1_001_ACCA.tr0
72,136LC,38.42213709,-86.26850288,False,,72,6,ACCA,136LC,data/lane1/subset/6_S6_L001_R1_001_ACCA.tr0,data/lane2/subset/6_S6_L002_R1_001_ACCA.tr0
73,138LC,38.05306407,-86.71849034,False,,73,7,ACCA,138LC,data/lane1/subset/7_S7_L001_R1_001_ACCA.tr0,data/lane2/subset/7_S7_L002_R1_001_ACCA.tr0
74,139LC,38.47474239,-86.40939142,False,,74,8,ACCA,139LC,data/lane1/subset/8_S8_L001_R1_001_ACCA.tr0,data/lane2/subset/8_S8_L002_R1_001_ACCA.tr0
75,143LC,38.21986151,-86.56496138,False,,75,2,AGTG,143LC,data/lane1/subset/2_S2_L001_R1_001_AGTG.tr0,data/lane2/subset/2_S2_L002_R1_001_AGTG.tr0
76,146LC,38.33012768,-86.66022674,False,,76,3,AGTG,146LC,data/lane1/subset/3_S3_L001_R1_001_AGTG.tr0,data/lane2/subset/3_S3_L002_R1_001_AGTG.tr0
77,147LC,38.2769258,-86.37318899,False,,77,4,AGTG,147LC,data/lane1/subset/4_S4_L001_R1_001_AGTG.tr0,data/lane2/subset/4_S4_L002_R1_001_AGTG.tr0
78,149LC,38.07251431,-86.71876925,False,,78,5,AGTG,149LC,data/lane1/subset/5_S5_L001_R1_001_AGTG.tr0,data/lane2/subset/5_S5_L002_R1_001_AGTG.tr0
79,151LC,38.50886215,-86.54464749,False,,79,6,AGTG,151LC,data/lane1/subset/6_S6_L001_R1_001_AGTG.tr0,data/lane2/subset/6_S6_L002_R1_001_AGTG.tr0
80,153LC,38.39076713,-86.29068984,False,,80,7,AGTG,153LC,data/lane1/subset/7_S7_L001_R1_001_AGTG.tr0,data/lane2/subset/7_S7_L002_R1_001_AGTG.tr0
81,201RE,39.18832551,-85.52343037,False,,81,8,AGTG,201RE,data/lane1/subset/8_S8_L001_R1_001_AGTG.tr0,data/lane2/subset/8_S8_L002_R1_001_AGTG.tr0
82,204LC,40.273502,-86.126976,False,,82,1,CATC,204LC,data/lane1/subset/1_S1_L001_R1_001_CATC.tr0,data/lane2/subset/1_S1_L002_R1_001_CATC.tr0
83,206LC,38.04487525,-86.65253438,False,,83,2,CATC,206LC,data/lane1/subset/2_S2_L001_R1_001_CATC.tr0,data/lane2/subset/2_S2_L002_R1_001_CATC.tr0
84,801RE,38.5899932,-86.10488102,False,,84,4,CATC,801RE,data/lane1/subset/4_S4_L001_R1_001_CATC.tr0,data/lane2/subset/4_S4_L002_R1_001_CATC.tr0
85,803RE,38.06965882,-86.63759172,False,,85,6,CATC,803RE,data/lane1/subset/6_S6_L001_R1_001_CATC.tr0,data/lane2/subset/6_S6_L002_R1_001_CATC.tr0
86,806replicate,38.29165223,-86.46167929,True,,86,4,GCTT,806replicate,data/lane1/subset/4_S4_L001_R1_001_GCTT.tr0,data/lane2/subset/4_S4_L002_R1_001_GCTT.tr0
87,807RE,38.37096498,-86.48943078,False,,87,2,GTGA,807RE,data/lane1/subset/2_S2_L001_R1_001_GTGA.tr0,data/lane2/subset/2_S2_L002_R1_001_GTGA.tr0
88,812RE,38.23990792,-86.35744055,False,,88,6,GTGA,812RE,data/lane1/subset/6_S6_L001_R1_001_GTGA.tr0,data/lane2/subset/6_S6_L002_R1_001_GTGA.tr0
89,813RE,41.20969409,-85.10320031,False,,89,7,GTGA,813RE,data/lane1/subset/7_S7_L001_R1_001_GTGA.tr0,data/lane2/subset/7_S7_L002_R1_001_GTGA.tr0
90,815RE,38.07003178,-86.63529199,False,,90,1,TCAG,815RE,data/lane1/subset/1_S1_L001_R1_001_TCAG.tr0,data/lane2/subset/1_S1_L002_R1_001_TCAG.tr0
91,817RE,38.07414645,-86.64638168,False,,91,3,TCAG,817RE,data/lane1/subset/3_S3_L001_R1_001_TCAG.tr0,data/lane2/subset/3_S3_L002_R1_001_TCAG.tr0
92,818RE,38.08750998,-86.64421299,False,,92,4,TCAG,818RE,data/lane1/subset/4_S4_L001_R1_001_TCAG.tr0,data/lane2/subset/4_S4_L002_R1_001_TCAG.tr0
93,822RE,38.08875584,-86.63390046,False,,93,7,TCAG,822RE,data/lane1/subset/7_S7_L001_R1_001_TCAG.tr0,data/lane2/subset/7_S7_L002_R1_001_TCAG.tr0
94,823RE,38.1839249,-86.49221191,False,,94,8,TCAG,823RE,data/lane1/subset/8_S8_L001_R1_001_TCAG.tr0,data/lane2/subset/8_S8_L002_R1_001_TCAG.tr0
95,825RE,37.9450017,-86.74299742,False,,95,2,GCTT,825RE,data/lane1/subset/2_S2_L001_R1_001_GCTT.tr0,data/lane2/subset/2_S2_L002_R1_001_GCTT.tr0
96,826RE,37.9450017,-86.74299742,False,,96,3,GCTT,826RE,data/lane1/subset/3_S3_L001_R1_001_GCTT.tr0,data/lane2/subset/3_S3_L002_R1_001_GCTT.tr0
97,828RE,37.94374163,-86.73166618,False,,97,6,GCTT,828RE,data/lane1/subset/6_S6_L001_R1_001_GCTT.tr0,data/lane2/subset/6_S6_L002_R1_001_GCTT.tr0
98,834RE,38.06999148,-86.64062598,False,,98,3,CTAC,834RE,data/lane1/subset/3_S3_L001_R1_001_CTAC.tr0,data/lane2/subset/3_S3_L002_R1_001_CTAC.tr0
99,843RE1,38.45023255,-86.25781357,False,,99,4,TGTC,843RE1,data/lane1/subset/4_S4_L001_R1_001_TGTC.tr0,data/lane2/subset/4_S4_L002_R1_001_TGTC.tr0
100,844RE1,38.33683271,-86.48058523,False,,100,5,TGTC,844RE1,data/lane1/subset/5_S5_L001_R1_001_TGTC.tr0,data/lane2/subset/5_S5_L002_R1_001_TGTC.tr0
101,847RE1,38.24830983,-86.34160691,False,,101,8,TGTC,847RE1,data/lane1/subset/8_S8_L001_R1_001_TGTC.tr0,data/lane2/subset/8_S8_L002_R1_001_TGTC.tr0
102,849RE,38.18520083,-86.11255709,False,,102,2,TCAC,849RE,data/lane1/subset/2_S2_L001_R1_001_TCAC.tr0,data/lane2/subset/2_S2_L002_R1_001_TCAC.tr0
103,859RE,38.36362576,-86.86982331,False,,103,3,GACT,859RE,data/lane1/subset/3_S3_L001_R1_001_GACT.tr0,data/lane2/subset/3_S3_L002_R1_001_GACT.tr0
104,862RE,38.08877166,-86.64212808,False,,104,6,GACT,862RE,data/lane1/subset/6_S6_L001_R1_001_GACT.tr0,data/lane2/subset/6_S6_L002_R1_001_GACT.tr0
105,935replicate,38.98797978,-85.62360449,True,,105,13,ACCA,935replicate,data/lane1/subset/13_S13_L001_R1_001_ACCA.tr0,data/lane2/subset/13_S13_L002_R1_001_ACCA.tr0
106,942RE,38.47343874,-85.69800373,False,,106,9,AGAC,942RE,data/lane1/subset/9_S9_L001_R1_001_AGAC.tr0,data/lane2/subset/9_S9_L002_R1_001_AGAC.tr0
107,F01LC,37.53557,-88.216,False,,107,11,AGAC,F01LC,data/lane1/subset/11_S11_L001_R1_001_AGAC.tr0,data/lane2/subset/11_S11_L002_R1_001_AGAC.tr0
108,F02LC,37.53557,-88.216,False,,108,12,AGAC,F02LC,data/lane1/subset/12_S12_L001_R1_001_AGAC.tr0,data/lane2/subset/12_S12_L002_R1_001_AGAC.tr0
109,F03LC,37.53557,-88.216,False,,109,13,AGAC,F03LC,data/lane1/subset/13_S13_L001_R1_001_AGAC.tr0,data/lane2/subset/13_S13_L002_R1_001_AGAC.tr0
110,F04LC,37.57517,-88.25541,False,,110,14,AGAC,F04LC,data/lane1/subset/14_S14_L001_R1_001_AGAC.tr0,data/lane2/subset/14_S14_L002_R1_001_AGAC.tr0
111,F05LC,37.57606,-88.261022,False,,111,15,AGAC,F05LC,data/lane1/subset/15_S15_L001_R1_001_AGAC.tr0,data/lane2/subset/15_S15_L002_R1_001_AGAC.tr0
112,F07LC,37.57553,-88.26082,False,,112,16,AGAC,F07LC,data/lane1/subset/16_S16_L001_R1_001_AGAC.tr0,data/lane2/subset/16_S16_L002_R1_001_AGAC.tr0
113,F09LC,37.65702,-88.443925,False,,113,9,ACCA,F09LC,data/lane1/subset/9_S9_L001_R1_001_ACCA.tr0,data/lane2/subset/9_S9_L002_R1_001_ACCA.tr0
114,IN001,41.577786,-87.025938,False,,114,10,ACCA,IN001,data/lane1/subset/10_S10_L001_R1_001_ACCA.tr0,data/lane2/subset/10_S10_L002_R1_001_ACCA.tr0
115,IN002,41.554642,-86.931164,False,,115,11,ACCA,IN002,data/lane1/subset/11_S11_L001_R1_001_ACCA.tr0,data/lane2/subset/11_S11_L002_R1_001_ACCA.tr0
116,IN003,38.298788,-87.033686,False,,116,12,ACCA,IN003,data/lane1/subset/12_S12_L001_R1_001_ACCA.tr0,data/lane2/subset/12_S12_L002_R1_001_ACCA.tr0
117,ucin001,39.143365,-92.6959255,False,,117,14,ACCA,ucin001,data/lane1/subset/14_S14_L001_R1_001_ACCA.tr0,data/lane2/subset/14_S14_L002_R1_001_ACCA.tr0
118,ucin002,37.8858449,-90.1615306,False,,118,15,ACCA,ucin002,data/lane1/subset/15_S15_L001_R1_001_ACCA.tr0,data/lane2/subset/15_S15_L002_R1_001_ACCA.tr0
119,ucin003,37.8248346,-92.2070224,False,,119,16,ACCA,ucin003,data/lane1/subset/16_S16_L001_R1_001_ACCA.tr0,data/lane2/subset/16_S16_L002_R1_001_ACCA.tr0
120,ucin004conc,38.9351623,-91.4654372,False,,120,9,AGTG,ucin004conc,data/lane1/subset/9_S9_L001_R1_001_AGTG.tr0,data/lane2/subset/9_S9_L002_R1_001_AGTG.tr0
121,ucin005,37.8858449,-90.1615306,False,,121,10,AGTG,ucin005,data/lane1/subset/10_S10_L001_R1_001_AGTG.tr0,data/lane2/subset/10_S10_L002_R1_001_AGTG.tr0
122,ucin006conc,38.4411826,-91.5057795,False,,122,11,AGTG,ucin006conc,data/lane1/subset/11_S11_L001_R1_001_AGTG.tr0,data/lane2/subset/11_S11_L002_R1_001_AGTG.tr0
123,ucin007,38.4411826,-91.5057795,False,,123,12,AGTG,ucin007,data/lane1/subset/12_S12_L001_R1_001_AGTG.tr0,data/lane2/subset/12_S12_L002_R1_001_AGTG.tr0
124,ucin008,37.8858449,-90.1615306,False,,124,13,AGTG,ucin008,data/lane1/subset/13_S13_L001_R1_001_AGTG.tr0,data/lane2/subset/13_S13_L002_R1_001_AGTG.tr0
125,ucin009z,38.4208069,-92.8748352,False,,125,34,AGTG,ucin009z,data/lane1/subset/34_S34_L001_R1_001_AGTG.tr0,data/lane2/subset/34_S34_L002_R1_001_AGTG.tr0
126,ucin010REz,38.9898614,-92.3102022,False,,126,34,CATC,ucin010REz,data/lane1/subset/34_S34_L001_R1_001_CATC.tr0,data/lane2/subset/34_S34_L002_R1_001_CATC.tr0
127,ucin011REz,39.143365,-92.6959255,False,,127,34,GTGA,ucin011REz,data/lane1/subset/34_S34_L001_R1_001_GTGA.tr0,data/lane2/subset/34_S34_L002_R1_001_GTGA.tr0
128,ucin012RE,38.9898614,-92.3102022,False,,128,33,TCAG,ucin012RE,data/lane1/subset/33_S33_L001_R1_001_TCAG.tr0,data/lane2/subset/33_S33_L002_R1_001_TCAG.tr0
129,ucin013re,36.6993775,-93.8343258,False,,129,14,AGTG,ucin013re,data/lane1/subset/14_S14_L001_R1_001_AGTG.tr0,data/lane2/subset/14_S14_L002_R1_001_AGTG.tr0
130,ucin016,37.4732347,-90.3454526,False,,130,15,AGTG,ucin016,data/lane1/subset/15_S15_L001_R1_001_AGTG.tr0,data/lane2/subset/15_S15_L002_R1_001_AGTG.tr0
131,ucin017,37.1055589,-85.2813796,False,,131,16,AGTG,ucin017,data/lane1/subset/16_S16_L001_R1_001_AGTG.tr0,data/lane2/subset/16_S16_L002_R1_001_AGTG.tr0
132,ucin018z,36.7288647,-85.1534262,False,,132,34,TCAG,ucin018z,data/lane1/subset/34_S34_L001_R1_001_TCAG.tr0,data/lane2/subset/34_S34_L002_R1_001_TCAG.tr0
133,ucin020,37.1055589,-85.2813796,False,,133,9,CATC,ucin020,data/lane1/subset/9_S9_L001_R1_001_CATC.tr0,data/lane2/subset/9_S9_L002_R1_001_CATC.tr0
134,ucin021,37.1055589,-85.2813796,False,,134,10,CATC,ucin021,data/lane1/subset/10_S10_L001_R1_001_CATC.tr0,data/lane2/subset/10_S10_L002_R1_001_CATC.tr0
135,ucin022,37.1055589,-85.2813796,False,,135,11,CATC,ucin022,data/lane1/subset/11_S11_L001_R1_001_CATC.tr0,data/lane2/subset/11_S11_L002_R1_001_CATC.tr0
136,ucin023,37.1055589,-85.2813796,False,,136,12,CATC,ucin023,data/lane1/subset/12_S12_L001_R1_001_CATC.tr0,data/lane2/subset/12_S12_L002_R1_001_CATC.tr0
137,ucin024,37.1055589,-85.2813796,False,ucin024replicate,137,13,CATC,ucin024,data/lane1/subset/13_S13_L001_R1_001_CATC.tr0,data/lane2/subset/13_S13_L002_R1_001_CATC.tr0
138,ucin024replicate,37.1055589,-85.2813796,True,,138,16,CTAC,ucin024replicate,data/lane1/subset/16_S16_L001_R1_001_CTAC.tr0,data/lane2/subset/16_S16_L002_R1_001_CTAC.tr0
139,ucin026,37.1055589,-85.2813796,False,,139,14,CATC,ucin026,data/lane1/subset/14_S14_L001_R1_001_CATC.tr0,data/lane2/subset/14_S14_L002_R1_001_CATC.tr0
140,ucin028,37.1055589,-85.2813796,False,,140,15,CATC,ucin028,data/lane1/subset/15_S15_L001_R1_001_CATC.tr0,data/lane2/subset/15_S15_L002_R1_001_CATC.tr0
141,ucin029,37.1055589,-85.2813796,False,,141,16,CATC,ucin029,data/lane1/subset/16_S16_L001_R1_001_CATC.tr0,data/lane2/subset/16_S16_L002_R1_001_CATC.tr0
142,ucin030,36.7288647,-85.1534262,False,,142,9,GTGA,ucin030,data/lane1/subset/9_S9_L001_R1_001_GTGA.tr0,data/lane2/subset/9_S9_L002_R1_001_GTGA.tr0
143,ucin031,37.1055589,-85.2813796,False,,143,10,GTGA,ucin031,data/lane1/subset/10_S10_L001_R1_001_GTGA.tr0,data/lane2/subset/10_S10_L002_R1_001_GTGA.tr0
144,ucin032,37.1055589,-85.2813796,False,,144,11,GTGA,ucin032,data/lane1/subset/11_S11_L001_R1_001_GTGA.tr0,data/lane2/subset/11_S11_L002_R1_001_GTGA.tr0
145,ucin033,37.1055589,-85.2813796,False,,145,12,GTGA,ucin033,data/lane1/subset/12_S12_L001_R1_001_GTGA.tr0,data/lane2/subset/12_S12_L002_R1_001_GTGA.tr0
146,ucin034,37.1055589,-85.2813796,False,,146,13,GTGA,ucin034,data/lane1/subset/13_S13_L001_R1_001_GTGA.tr0,data/lane2/subset/13_S13_L002_R1_001_GTGA.tr0
147,ucin035,35.680984,-78.935572,False,,147,14,GTGA,ucin035,data/lane1/subset/14_S14_L001_R1_001_GTGA.tr0,data/lane2/subset/14_S14_L002_R1_001_GTGA.tr0
148,ucin036conc,34.0387542,-78.2277653,False,,148,15,GTGA,ucin036conc,data/lane1/subset/15_S15_L001_R1_001_GTGA.tr0,data/lane2/subset/15_S15_L002_R1_001_GTGA.tr0
149,ucin037,35.7898464,-78.650624,False,,149,16,GTGA,ucin037,data/lane1/subset/16_S16_L001_R1_001_GTGA.tr0,data/lane2/subset/16_S16_L002_R1_001_GTGA.tr0
150,ucin038conc,36.299884,-78.6576338,False,,150,9,TCAG,ucin038conc,data/lane1/subset/9_S9_L001_R1_001_TCAG.tr0,data/lane2/subset/9_S9_L002_R1_001_TCAG.tr0
151,ucin039conc,34.0387542,-78.2277653,False,,151,10,TCAG,ucin039conc,data/lane1/subset/10_S10_L001_R1_001_TCAG.tr0,data/lane2/subset/10_S10_L002_R1_001_TCAG.tr0
152,ucin040,36.299884,-78.6576338,False,,152,11,TCAG,ucin040,data/lane1/subset/11_S11_L001_R1_001_TCAG.tr0,data/lane2/subset/11_S11_L002_R1_001_TCAG.tr0
153,ucin041,34.0387542,-78.2277653,False,,153,12,TCAG,ucin041,data/lane1/subset/12_S12_L001_R1_001_TCAG.tr0,data/lane2/subset/12_S12_L002_R1_001_TCAG.tr0
154,ucin042conc,34.0387542,-78.2277653,False,,154,13,TCAG,ucin042conc,data/lane1/subset/13_S13_L001_R1_001_TCAG.tr0,data/lane2/subset/13_S13_L002_R1_001_TCAG.tr0
155,ucin043,34.0387542,-78.2277653,False,,155,14,TCAG,ucin043,data/lane1/subset/14_S14_L001_R1_001_TCAG.tr0,data/lane2/subset/14_S14_L002_R1_001_TCAG.tr0
156,ucin044conc,34.0387542,-78.2277653,False,,156,15,TCAG,ucin044conc,data/lane1/subset/15_S15_L001_R1_001_TCAG.tr0,data/lane2/subset/15_S15_L002_R1_001_TCAG.tr0
157,ucin045,45.7803178,-92.6825162,False,,157,16,TCAG,ucin045,data/lane1/subset/16_S16_L001_R1_001_TCAG.tr0,data/lane2/subset/16_S16_L002_R1_001_TCAG.tr0
158,ucin046z,45.5183279,-92.6086852,False,,158,34,GCTT,ucin046z,data/lane1/subset/34_S34_L001_R1_001_GCTT.tr0,data/lane2/subset/34_S34_L002_R1_001_GCTT.tr0
159,ucin047conc,45.7663625,-92.718117,False,,159,9,GCTT,ucin047conc,data/lane1/subset/9_S9_L001_R1_001_GCTT.tr0,data/lane2/subset/9_S9_L002_R1_001_GCTT.tr0
160,ucin048z,43.8539285,-89.2944733,False,,160,34,CTAC,ucin048z,data/lane1/subset/34_S34_L001_R1_001_CTAC.tr0,data/lane2/subset/34_S34_L002_R1_001_CTAC.tr0
161,ucin049z,45.9375253,-90.3031963,False,,161,34,TGTC,ucin049z,data/lane1/subset/34_S34_L001_R1_001_TGTC.tr0,data/lane2/subset/34_S34_L002_R1_001_TGTC.tr0
162,ucin050,45.9375253,-90.3031963,False,,162,10,GCTT,ucin050,data/lane1/subset/10_S10_L001_R1_001_GCTT.tr0,data/lane2/subset/10_S10_L002_R1_001_GCTT.tr0
163,ucin052z,45.9375253,-90.3031963,False,,163,34,TCAC,ucin052z,data/lane1/subset/34_S34_L001_R1_001_TCAC.tr0,data/lane2/subset/34_S34_L002_R1_001_TCAC.tr0
164,ucin053conc,44.7143783,-91.0486845,False,,164,11,GCTT,ucin053conc,data/lane1/subset/11_S11_L001_R1_001_GCTT.tr0,data/lane2/subset/11_S11_L002_R1_001_GCTT.tr0
165,ucin054,45.370865,-91.534241,False,,165,12,GCTT,ucin054,data/lane1/subset/12_S12_L001_R1_001_GCTT.tr0,data/lane2/subset/12_S12_L002_R1_001_GCTT.tr0
166,ucin055,44.934653,-91.389165,False,,166,13,GCTT,ucin055,data/lane1/subset/13_S13_L001_R1_001_GCTT.tr0,data/lane2/subset/13_S13_L002_R1_001_GCTT.tr0
167,ucin056conc,44.9076836,-91.5579402,False,,167,14,GCTT,ucin056conc,data/lane1/subset/14_S14_L001_R1_001_GCTT.tr0,data/lane2/subset/14_S14_L002_R1_001_GCTT.tr0
168,ucin057z,44.9076836,-91.5579402,False,,168,34,GACT,ucin057z,data/lane1/subset/34_S34_L001_R1_001_GACT.tr0,data/lane2/subset/34_S34_L002_R1_001_GACT.tr0
169,ucin058z,41.034,-92.772,False,,169,35,GTGT,ucin058z,data/lane1/subset/35_S35_L001_R1_001_GTGT.tr0,data/lane2/subset/35_S35_L002_R1_001_GTGT.tr0
170,ucin059,42.732,-94.19712,False,,170,15,GCTT,ucin059,data/lane1/subset/15_S15_L001_R1_001_GCTT.tr0,data/lane2/subset/15_S15_L002_R1_001_GCTT.tr0
171,ucin060z,38.950619,-97.602737,False,,171,35,AGAC,ucin060z,data/lane1/subset/35_S35_L001_R1_001_AGAC.tr0,data/lane2/subset/35_S35_L002_R1_001_AGAC.tr0
172,ucin061z,40.776699,-92.111397,False,,172,35,ACCA,ucin061z,data/lane1/subset/35_S35_L001_R1_001_ACCA.tr0,data/lane2/subset/35_S35_L002_R1_001_ACCA.tr0
173,ucin062z,38.675542,-83.910012,False,,173,35,AGTG,ucin062z,data/lane1/subset/35_S35_L001_R1_001_AGTG.tr0,data/lane2/subset/35_S35_L002_R1_001_AGTG.tr0
174,ucin063RE,38.9472897,-92.3263872,False,,174,33,GCTT,ucin063RE,data/lane1/subset/33_S33_L001_R1_001_GCTT.tr0,data/lane2/subset/33_S33_L002_R1_001_GCTT.tr0
175,ucin065,46.32655,-90.2612985,False,,175,16,GCTT,ucin065,data/lane1/subset/16_S16_L001_R1_001_GCTT.tr0,data/lane2/subset/16_S16_L002_R1_001_GCTT.tr0
176,ucin068B,43.153671,-90.084763,False,,176,9,CTAC,ucin068B,data/lane1/subset/9_S9_L001_R1_001_CTAC.tr0,data/lane2/subset/9_S9_L002_R1_001_CTAC.tr0
177,ucin074,38.868275,-86.50199722,False,,177,10,CTAC,ucin074,data/lane1/subset/10_S10_L001_R1_001_CTAC.tr0,data/lane2/subset/10_S10_L002_R1_001_CTAC.tr0
178,ucin075,39.1607509,-86.5233253,False,,178,11,CTAC,ucin075,data/lane1/subset/11_S11_L001_R1_001_CTAC.tr0,data/lane2/subset/11_S11_L002_R1_001_CTAC.tr0
179,ucin076z,38.90391667,-85.59904167,False,,179,35,CATC,ucin076z,data/lane1/subset/35_S35_L001_R1_001_CATC.tr0,data/lane2/subset/35_S35_L002_R1_001_CATC.tr0
180,ucin077z,38.33263056,-85.98561111,False,,180,35,GTGA,ucin077z,data/lane1/subset/35_S35_L001_R1_001_GTGA.tr0,data/lane2/subset/35_S35_L002_R1_001_GTGA.tr0
181,ucin078z,38.20929722,-86.61035833,False,,181,35,TCAG,ucin078z,data/lane1/subset/35_S35_L001_R1_001_TCAG.tr0,data/lane2/subset/35_S35_L002_R1_001_TCAG.tr0
182,ucin079z,38.84346389,-86.51396944,False,,182,35,GCTT,ucin079z,data/lane1/subset/35_S35_L001_R1_001_GCTT.tr0,data/lane2/subset/35_S35_L002_R1_001_GCTT.tr0
183,ucin080z,38.90391667,-85.59904167,False,,183,35,CTAC,ucin080z,data/lane1/subset/35_S35_L001_R1_001_CTAC.tr0,data/lane2/subset/35_S35_L002_R1_001_CTAC.tr0
184,ucin081,39.17698611,-86.50513056,False,,184,12,CTAC,ucin081,data/lane1/subset/12_S12_L001_R1_001_CTAC.tr0,data/lane2/subset/12_S12_L002_R1_001_CTAC.tr0
185,ucin083,38.8924958,-86.5252394,False,,185,13,CTAC,ucin083,data/lane1/subset/13_S13_L001_R1_001_CTAC.tr0,data/lane2/subset/13_S13_L002_R1_001_CTAC.tr0
186,ucin089,36.6853104,-91.4018272,False,,186,14,CTAC,ucin089,data/lane1/subset/14_S14_L001_R1_001_CTAC.tr0,data/lane2/subset/14_S14_L002_R1_001_CTAC.tr0
187,ucin090,36.6853104,-91.4018272,False,,187,15,CTAC,ucin090,data/lane1/subset/15_S15_L001_R1_001_CTAC.tr0,data/lane2/subset/15_S15_L002_R1_001_CTAC.tr0
188,ucin091,36.6062784,-92.4246331,False,,188,9,TGTC,ucin091,data/lane1/subset/9_S9_L001_R1_001_TGTC.tr0,data/lane2/subset/9_S9_L002_R1_001_TGTC.tr0
189,ucin092,36.6062784,-92.4246331,False,,189,10,TGTC,ucin092,data/lane1/subset/10_S10_L001_R1_001_TGTC.tr0,data/lane2/subset/10_S10_L002_R1_001_TGTC.tr0
190,ucin093,36.9867164,-91.9615004,False,,190,11,TGTC,ucin093,data/lane1/subset/11_S11_L001_R1_001_TGTC.tr0,data/lane2/subset/11_S11_L002_R1_001_TGTC.tr0
191,ucin094,36.9867164,-91.9615004,False,,191,12,TGTC,ucin094,data/lane1/subset/12_S12_L001_R1_001_TGTC.tr0,data/lane2/subset/12_S12_L002_R1_001_TGTC.tr0
192,ucin095,36.6489017,-90.8670597,False,,192,13,TGTC,ucin095,data/lane1/subset/13_S13_L001_R1_001_TGTC.tr0,data/lane2/subset/13_S13_L002_R1_001_TGTC.tr0
193,ucin096,37.3142565,-91.9644783,False,,193,14,TGTC,ucin096,data/lane1/subset/14_S14_L001_R1_001_TGTC.tr0,data/lane2/subset/14_S14_L002_R1_001_TGTC.tr0
194,ucin097,36.9448579,-90.9457051,False,,194,15,TGTC,ucin097,data/lane1/subset/15_S15_L001_R1_001_TGTC.tr0,data/lane2/subset/15_S15_L002_R1_001_TGTC.tr0
195,ucin098,37.1524984,-91.3913284,False,,195,16,TGTC,ucin098,data/lane1/subset/16_S16_L001_R1_001_TGTC.tr0,data/lane2/subset/16_S16_L002_R1_001_TGTC.tr0
196,ucin099,32.2671233,-89.946063,False,,196,9,TCAC,ucin099,data/lane1/subset/9_S9_L001_R1_001_TCAC.tr0,data/lane2/subset/9_S9_L002_R1_001_TCAC.tr0
197,ucin100,33.9366339,-89.3371142,False,,197,10,TCAC,ucin100,data/lane1/subset/10_S10_L001_R1_001_TCAC.tr0,data/lane2/subset/10_S10_L002_R1_001_TCAC.tr0
198,ucin101,32.7656747,-90.3879282,False,,198,11,TCAC,ucin101,data/lane1/subset/11_S11_L001_R1_001_TCAC.tr0,data/lane2/subset/11_S11_L002_R1_001_TCAC.tr0
199,ucin102,31.1885802,-89.2594467,False,,199,12,TCAC,ucin102,data/lane1/subset/12_S12_L001_R1_001_TCAC.tr0,data/lane2/subset/12_S12_L002_R1_001_TCAC.tr0
200,ucin103,31.164492,-90.1034306,False,,200,13,TCAC,ucin103,data/lane1/subset/13_S13_L001_R1_001_TCAC.tr0,data/lane2/subset/13_S13_L002_R1_001_TCAC.tr0
201,ucin104,31.1975865,-89.5063691,False,,201,14,TCAC,ucin104,data/lane1/subset/14_S14_L001_R1_001_TCAC.tr0,data/lane2/subset/14_S14_L002_R1_001_TCAC.tr0
202,ucin105,32.4271272,-89.5332094,False,,202,15,TCAC,ucin105,data/lane1/subset/15_S15_L001_R1_001_TCAC.tr0,data/lane2/subset/15_S15_L002_R1_001_TCAC.tr0
203,ucin106,32.2671233,-89.946063,False,,203,16,TCAC,ucin106,data/lane1/subset/16_S16_L001_R1_001_TCAC.tr0,data/lane2/subset/16_S16_L002_R1_001_TCAC.tr0
204,ucin107,32.4019702,-89.1184115,False,,204,9,GACT,ucin107,data/lane1/subset/9_S9_L001_R1_001_GACT.tr0,data/lane2/subset/9_S9_L002_R1_001_GACT.tr0
205,ucin108,32.0453737,-88.6879757,False,,205,10,GACT,ucin108,data/lane1/subset/10_S10_L001_R1_001_GACT.tr0,data/lane2/subset/10_S10_L002_R1_001_GACT.tr0
206,ucin109,32.4039981,-88.6604487,False,,206,11,GACT,ucin109,data/lane1/subset/11_S11_L001_R1_001_GACT.tr0,data/lane2/subset/11_S11_L002_R1_001_GACT.tr0
207,ucin110,32.019029,-89.4948768,False,,207,12,GACT,ucin110,data/lane1/subset/12_S12_L001_R1_001_GACT.tr0,data/lane2/subset/12_S12_L002_R1_001_GACT.tr0
208,ucin111,33.0904703,-89.5886221,False,,208,13,GACT,ucin111,data/lane1/subset/13_S13_L001_R1_001_GACT.tr0,data/lane2/subset/13_S13_L002_R1_001_GACT.tr0
209,ucin112,33.3459638,-89.2513319,False,,209,14,GACT,ucin112,data/lane1/subset/14_S14_L001_R1_001_GACT.tr0,data/lane2/subset/14_S14_L002_R1_001_GACT.tr0
210,ucin113,32.752518,-89.1192743,False,,210,15,GACT,ucin113,data/lane1/subset/15_S15_L001_R1_001_GACT.tr0,data/lane2/subset/15_S15_L002_R1_001_GACT.tr0
211,ucin115re,35.8648,-88.5798,False,,211,16,GACT,ucin115re,data/lane1/subset/16_S16_L001_R1_001_GACT.tr0,data/lane2/subset/16_S16_L002_R1_001_GACT.tr0
212,ucin116conc,35.2221,-89.13435,False,,212,17,GTGT,ucin116conc,data/lane1/subset/17_S17_L001_R1_001_GTGT.tr0,data/lane2/subset/17_S17_L002_R1_001_GTGT.tr0
213,ucin117conc,35.542555,-88.856329,False,,213,18,GTGT,ucin117conc,data/lane1/subset/18_S18_L001_R1_001_GTGT.tr0,data/lane2/subset/18_S18_L002_R1_001_GTGT.tr0
214,ucin118conc,35.46,-88.429,False,,214,19,GTGT,ucin118conc,data/lane1/subset/19_S19_L001_R1_001_GTGT.tr0,data/lane2/subset/19_S19_L002_R1_001_GTGT.tr0
215,ucin119re,35.4521743,-88.8627838,False,,215,20,GTGT,ucin119re,data/lane1/subset/20_S20_L001_R1_001_GTGT.tr0,data/lane2/subset/20_S20_L002_R1_001_GTGT.tr0
216,ucin120conc,35.4521743,-88.8627838,False,,216,21,GTGT,ucin120conc,data/lane1/subset/21_S21_L001_R1_001_GTGT.tr0,data/lane2/subset/21_S21_L002_R1_001_GTGT.tr0
217,ucin121conc,35.766732,-88.677276,False,,217,22,GTGT,ucin121conc,data/lane1/subset/22_S22_L001_R1_001_GTGT.tr0,data/lane2/subset/22_S22_L002_R1_001_GTGT.tr0
218,ucin122re,35.591131,-88.512521,False,,218,23,GTGT,ucin122re,data/lane1/subset/23_S23_L001_R1_001_GTGT.tr0,data/lane2/subset/23_S23_L002_R1_001_GTGT.tr0
219,ucin123z,35.766732,-88.677276,False,,219,35,TGTC,ucin123z,data/lane1/subset/35_S35_L001_R1_001_TGTC.tr0,data/lane2/subset/35_S35_L002_R1_001_TGTC.tr0
220,ucin124,38.0670974,-91.4057354,False,,220,24,GTGT,ucin124,data/lane1/subset/24_S24_L001_R1_001_GTGT.tr0,data/lane2/subset/24_S24_L002_R1_001_GTGT.tr0
221,ucin125,36.9867164,-91.9615004,False,,221,17,AGAC,ucin125,data/lane1/subset/17_S17_L001_R1_001_AGAC.tr0,data/lane2/subset/17_S17_L002_R1_001_AGAC.tr0
222,ucin126,38.377,-91.756,False,,222,18,AGAC,ucin126,data/lane1/subset/18_S18_L001_R1_001_AGAC.tr0,data/lane2/subset/18_S18_L002_R1_001_AGAC.tr0
223,ucin127,37.8373516,-90.6701457,False,,223,19,AGAC,ucin127,data/lane1/subset/19_S19_L001_R1_001_AGAC.tr0,data/lane2/subset/19_S19_L002_R1_001_AGAC.tr0
224,ucin128,38.9084658,-91.4547892,False,,224,20,AGAC,ucin128,data/lane1/subset/20_S20_L001_R1_001_AGAC.tr0,data/lane2/subset/20_S20_L002_R1_001_AGAC.tr0
225,ucin129z,37.0289,-90.645,False,,225,35,TCAC,ucin129z,data/lane1/subset/35_S35_L001_R1_001_TCAC.tr0,data/lane2/subset/35_S35_L002_R1_001_TCAC.tr0
226,ucin130z,37.8373516,-90.6701457,False,,226,35,GACT,ucin130z,data/lane1/subset/35_S35_L001_R1_001_GACT.tr0,data/lane2/subset/35_S35_L002_R1_001_GACT.tr0
227,ucin131z,38.818896,-91.1353248,False,,227,36,GTGT,ucin131z,data/lane1/subset/36_S36_L001_R1_001_GTGT.tr0,data/lane2/subset/36_S36_L002_R1_001_GTGT.tr0
228,ucin132,39.210649,-92.1344221,False,,228,21,AGAC,ucin132,data/lane1/subset/21_S21_L001_R1_001_AGAC.tr0,data/lane2/subset/21_S21_L002_R1_001_AGAC.tr0
229,ucin133,37.432829,-89.799543,False,,229,22,AGAC,ucin133,data/lane1/subset/22_S22_L001_R1_001_AGAC.tr0,data/lane2/subset/22_S22_L002_R1_001_AGAC.tr0
230,ucin134z,37.432829,-89.799543,False,,230,36,AGAC,ucin134z,data/lane1/subset/36_S36_L001_R1_001_AGAC.tr0,data/lane2/subset/36_S36_L002_R1_001_AGAC.tr0
231,ucin135,37.432829,-89.799543,False,,231,23,AGAC,ucin135,data/lane1/subset/23_S23_L001_R1_001_AGAC.tr0,data/lane2/subset/23_S23_L002_R1_001_AGAC.tr0
232,ucin136,37.432829,-89.799543,False,,232,24,AGAC,ucin136,data/lane1/subset/24_S24_L001_R1_001_AGAC.tr0,data/lane2/subset/24_S24_L002_R1_001_AGAC.tr0
233,ucin137,37.432829,-89.799543,False,,233,17,ACCA,ucin137,data/lane1/subset/17_S17_L001_R1_001_ACCA.tr0,data/lane2/subset/17_S17_L002_R1_001_ACCA.tr0
234,ucin138,37.8611419,-92.399744,False,,234,18,ACCA,ucin138,data/lane1/subset/18_S18_L001_R1_001_ACCA.tr0,data/lane2/subset/18_S18_L002_R1_001_ACCA.tr0
235,ucin139,37.8611419,-92.399744,False,,235,19,ACCA,ucin139,data/lane1/subset/19_S19_L001_R1_001_ACCA.tr0,data/lane2/subset/19_S19_L002_R1_001_ACCA.tr0
236,ucin140,37.8611419,-92.399744,False,,236,20,ACCA,ucin140,data/lane1/subset/20_S20_L001_R1_001_ACCA.tr0,data/lane2/subset/20_S20_L002_R1_001_ACCA.tr0
237,ucin141,37.9337423,-90.7750329,False,,237,21,ACCA,ucin141,data/lane1/subset/21_S21_L001_R1_001_ACCA.tr0,data/lane2/subset/21_S21_L002_R1_001_ACCA.tr0
238,ucin142,37.9337423,-90.7750329,False,,238,22,ACCA,ucin142,data/lane1/subset/22_S22_L001_R1_001_ACCA.tr0,data/lane2/subset/22_S22_L002_R1_001_ACCA.tr0
239,ucin143,36.9867164,-91.9615004,False,,239,23,ACCA,ucin143,data/lane1/subset/23_S23_L001_R1_001_ACCA.tr0,data/lane2/subset/23_S23_L002_R1_001_ACCA.tr0
240,ucin144,36.7743685,-91.8873677,False,,240,24,ACCA,ucin144,data/lane1/subset/24_S24_L001_R1_001_ACCA.tr0,data/lane2/subset/24_S24_L002_R1_001_ACCA.tr0
241,ucin145,38.0670974,-91.4057354,False,,241,17,AGTG,ucin145,data/lane1/subset/17_S17_L001_R1_001_AGTG.tr0,data/lane2/subset/17_S17_L002_R1_001_AGTG.tr0
242,ucin146,38.4334486,-92.8460335,False,,242,18,AGTG,ucin146,data/lane1/subset/18_S18_L001_R1_001_AGTG.tr0,data/lane2/subset/18_S18_L002_R1_001_AGTG.tr0
243,ucin147z,37.0289,-90.645,False,,243,36,ACCA,ucin147z,data/lane1/subset/36_S36_L001_R1_001_ACCA.tr0,data/lane2/subset/36_S36_L002_R1_001_ACCA.tr0
244,ucin148,39.076971,-92.841577,False,,244,19,AGTG,ucin148,data/lane1/subset/19_S19_L001_R1_001_AGTG.tr0,data/lane2/subset/19_S19_L002_R1_001_AGTG.tr0
245,ucin149,38.9084658,-91.4547892,False,,245,20,AGTG,ucin149,data/lane1/subset/20_S20_L001_R1_001_AGTG.tr0,data/lane2/subset/20_S20_L002_R1_001_AGTG.tr0
246,ucin150z,37.0289,-90.645,False,,246,36,AGTG,ucin150z,data/lane1/subset/36_S36_L001_R1_001_AGTG.tr0,data/lane2/subset/36_S36_L002_R1_001_AGTG.tr0
247,ucin151,37.8373516,-90.6701457,False,,247,21,AGTG,ucin151,data/lane1/subset/21_S21_L001_R1_001_AGTG.tr0,data/lane2/subset/21_S21_L002_R1_001_AGTG.tr0
248,ucin152,37.8373516,-90.6701457,False,,248,22,AGTG,ucin152,data/lane1/subset/22_S22_L001_R1_001_AGTG.tr0,data/lane2/subset/22_S22_L002_R1_001_AGTG.tr0
249,ucin153conc,35.9613606,-83.1976748,False,,249,23,AGTG,ucin153conc,data/lane1/subset/23_S23_L001_R1_001_AGTG.tr0,data/lane2/subset/23_S23_L002_R1_001_AGTG.tr0
250,ucin154re,36.135,-83.282,False,,250,24,AGTG,ucin154re,data/lane1/subset/24_S24_L001_R1_001_AGTG.tr0,data/lane2/subset/24_S24_L002_R1_001_AGTG.tr0
251,ucin156re,36.9334198,-82.0959342,False,,251,17,CATC,ucin156re,data/lane1/subset/17_S17_L001_R1_001_CATC.tr0,data/lane2/subset/17_S17_L002_R1_001_CATC.tr0
252,ucin157conc,36.535025,-83.447035,False,,252,18,CATC,ucin157conc,data/lane1/subset/18_S18_L001_R1_001_CATC.tr0,data/lane2/subset/18_S18_L002_R1_001_CATC.tr0
253,ucin159conc,36.4627174,-83.5657917,False,,253,19,CATC,ucin159conc,data/lane1/subset/19_S19_L001_R1_001_CATC.tr0,data/lane2/subset/19_S19_L002_R1_001_CATC.tr0
254,ucin160re,36.9334198,-82.0959342,False,,254,20,CATC,ucin160re,data/lane1/subset/20_S20_L001_R1_001_CATC.tr0,data/lane2/subset/20_S20_L002_R1_001_CATC.tr0
255,ucin161conc,36.4627174,-83.5657917,False,,255,21,CATC,ucin161conc,data/lane1/subset/21_S21_L001_R1_001_CATC.tr0,data/lane2/subset/21_S21_L002_R1_001_CATC.tr0
256,ucin162conc,36.9334198,-82.0959342,False,,256,22,CATC,ucin162conc,data/lane1/subset/22_S22_L001_R1_001_CATC.tr0,data/lane2/subset/22_S22_L002_R1_001_CATC.tr0
257,ucin163z,42.741521,-95.1414313,False,,257,36,CATC,ucin163z,data/lane1/subset/36_S36_L001_R1_001_CATC.tr0,data/lane2/subset/36_S36_L002_R1_001_CATC.tr0
258,ucin164re,39.8892001,-89.6045926,False,,258,23,CATC,ucin164re,data/lane1/subset/23_S23_L001_R1_001_CATC.tr0,data/lane2/subset/23_S23_L002_R1_001_CATC.tr0
259,ucin165conc,38.4418,-90.254,False,,259,24,CATC,ucin165conc,data/lane1/subset/24_S24_L001_R1_001_CATC.tr0,data/lane2/subset/24_S24_L002_R1_001_CATC.tr0
260,ucin166z,37.8305981,-94.645,False,,260,36,GTGA,ucin166z,data/lane1/subset/36_S36_L001_R1_001_GTGA.tr0,data/lane2/subset/36_S36_L002_R1_001_GTGA.tr0
261,ucin167conc,37.8305981,-94.645,False,,261,17,GTGA,ucin167conc,data/lane1/subset/17_S17_L001_R1_001_GTGA.tr0,data/lane2/subset/17_S17_L002_R1_001_GTGA.tr0
262,ucin168,34.717617,-92.358338,False,,262,18,GTGA,ucin168,data/lane1/subset/18_S18_L001_R1_001_GTGA.tr0,data/lane2/subset/18_S18_L002_R1_001_GTGA.tr0
263,ucin169z,34.2855683,-92.4229794,False,,263,36,TCAG,ucin169z,data/lane1/subset/36_S36_L001_R1_001_TCAG.tr0,data/lane2/subset/36_S36_L002_R1_001_TCAG.tr0
264,ucin170conc,34.53376267,-92.35495273,False,,264,19,GTGA,ucin170conc,data/lane1/subset/19_S19_L001_R1_001_GTGA.tr0,data/lane2/subset/19_S19_L002_R1_001_GTGA.tr0
265,ucin178,33.6118293,-92.067718,False,,265,20,GTGA,ucin178,data/lane1/subset/20_S20_L001_R1_001_GTGA.tr0,data/lane2/subset/20_S20_L002_R1_001_GTGA.tr0
266,ucin179REz,33.6247683,-91.7937121,False,,266,36,GCTT,ucin179REz,data/lane1/subset/36_S36_L001_R1_001_GCTT.tr0,data/lane2/subset/36_S36_L002_R1_001_GCTT.tr0
267,ucin181conc,33.8181171,-92.4175657,False,,267,21,GTGA,ucin181conc,data/lane1/subset/21_S21_L001_R1_001_GTGA.tr0,data/lane2/subset/21_S21_L002_R1_001_GTGA.tr0
268,ucin182conc,33.5676724,-92.8490636,False,,268,22,GTGA,ucin182conc,data/lane1/subset/22_S22_L001_R1_001_GTGA.tr0,data/lane2/subset/22_S22_L002_R1_001_GTGA.tr0
269,ucin203conc,43.3822,-88.193,False,,269,23,GTGA,ucin203conc,data/lane1/subset/23_S23_L001_R1_001_GTGA.tr0,data/lane2/subset/23_S23_L002_R1_001_GTGA.tr0
270,ucin204conc,43.3822,-88.193,False,,270,24,GTGA,ucin204conc,data/lane1/subset/24_S24_L001_R1_001_GTGA.tr0,data/lane2/subset/24_S24_L002_R1_001_GTGA.tr0
271,ucin205,47.277802,-91.866211,False,,271,17,TCAG,ucin205,data/lane1/subset/17_S17_L001_R1_001_TCAG.tr0,data/lane2/subset/17_S17_L002_R1_001_TCAG.tr0
272,ucin206,46.89653,-92.995331,False,,272,18,TCAG,ucin206,data/lane1/subset/18_S18_L001_R1_001_TCAG.tr0,data/lane2/subset/18_S18_L002_R1_001_TCAG.tr0
273,ucin207,46.0204839,-94.2666194,False,,273,19,TCAG,ucin207,data/lane1/subset/19_S19_L001_R1_001_TCAG.tr0,data/lane2/subset/19_S19_L002_R1_001_TCAG.tr0
274,ucin208,46.0204839,-94.2666194,False,,274,20,TCAG,ucin208,data/lane1/subset/20_S20_L001_R1_001_TCAG.tr0,data/lane2/subset/20_S20_L002_R1_001_TCAG.tr0
275,ucin209,46.1009402,-92.7630936,False,,275,21,TCAG,ucin209,data/lane1/subset/21_S21_L001_R1_001_TCAG.tr0,data/lane2/subset/21_S21_L002_R1_001_TCAG.tr0
276,ucin210RE,45.7012247,-94.0014387,False,,276,33,CTAC,ucin210RE,data/lane1/subset/33_S33_L001_R1_001_CTAC.tr0,data/lane2/subset/33_S33_L002_R1_001_CTAC.tr0
277,ucin211RE,38.439493,-88.897006,False,,277,33,TGTC,ucin211RE,data/lane1/subset/33_S33_L001_R1_001_TGTC.tr0,data/lane2/subset/33_S33_L002_R1_001_TGTC.tr0
278,ucin212RE,38.439493,-88.897006,False,,278,33,TCAC,ucin212RE,data/lane1/subset/33_S33_L001_R1_001_TCAC.tr0,data/lane2/subset/33_S33_L002_R1_001_TCAC.tr0
279,ucin213conc,38.439493,-88.897006,False,,279,22,TCAG,ucin213conc,data/lane1/subset/22_S22_L001_R1_001_TCAG.tr0,data/lane2/subset/22_S22_L002_R1_001_TCAG.tr0
280,ucin214z,43.6482031,-84.3794144,False,,280,36,CTAC,ucin214z,data/lane1/subset/36_S36_L001_R1_001_CTAC.tr0,data/lane2/subset/36_S36_L002_R1_001_CTAC.tr0
281,ucin215,42.999715,-84.2393367,False,,281,23,TCAG,ucin215,data/lane1/subset/23_S23_L001_R1_001_TCAG.tr0,data/lane2/subset/23_S23_L002_R1_001_TCAG.tr0
282,ucin216,42.9515446,-84.1463518,False,,282,24,TCAG,ucin216,data/lane1/subset/24_S24_L001_R1_001_TCAG.tr0,data/lane2/subset/24_S24_L002_R1_001_TCAG.tr0
283,ucin217,43.0210768,-83.7063718,False,,283,17,GCTT,ucin217,data/lane1/subset/17_S17_L001_R1_001_GCTT.tr0,data/lane2/subset/17_S17_L002_R1_001_GCTT.tr0
284,ucin218,42.2462657,-85.5328544,False,,284,18,GCTT,ucin218,data/lane1/subset/18_S18_L001_R1_001_GCTT.tr0,data/lane2/subset/18_S18_L002_R1_001_GCTT.tr0
285,ucin219,43.6452331,-84.8394245,False,,285,19,GCTT,ucin219,data/lane1/subset/19_S19_L001_R1_001_GCTT.tr0,data/lane2/subset/19_S19_L002_R1_001_GCTT.tr0
286,ucin220,43.1653264,-83.5253049,False,,286,20,GCTT,ucin220,data/lane1/subset/20_S20_L001_R1_001_GCTT.tr0,data/lane2/subset/20_S20_L002_R1_001_GCTT.tr0
287,ucin221,43.0210768,-83.7063718,False,,287,21,GCTT,ucin221,data/lane1/subset/21_S21_L001_R1_001_GCTT.tr0,data/lane2/subset/21_S21_L002_R1_001_GCTT.tr0
288,ucin222,43.1653264,-83.5253049,False,,288,22,GCTT,ucin222,data/lane1/subset/22_S22_L001_R1_001_GCTT.tr0,data/lane2/subset/22_S22_L002_R1_001_GCTT.tr0
289,ucin223,43.0210768,-83.7063718,False,,289,23,GCTT,ucin223,data/lane1/subset/23_S23_L001_R1_001_GCTT.tr0,data/lane2/subset/23_S23_L002_R1_001_GCTT.tr0
290,ucin224,43.6452331,-84.8394245,False,,290,24,GCTT,ucin224,data/lane1/subset/24_S24_L001_R1_001_GCTT.tr0,data/lane2/subset/24_S24_L002_R1_001_GCTT.tr0
291,ucin225,43.0210768,-83.7063718,False,,291,17,CTAC,ucin225,data/lane1/subset/17_S17_L001_R1_001_CTAC.tr0,data/lane2/subset/17_S17_L002_R1_001_CTAC.tr0
292,ucin226,43.1653264,-83.5253049,False,,292,18,CTAC,ucin226,data/lane1/subset/18_S18_L001_R1_001_CTAC.tr0,data/lane2/subset/18_S18_L002_R1_001_CTAC.tr0
293,ucin227conc,36.287,-96.512,False,,293,19,CTAC,ucin227conc,data/lane1/subset/19_S19_L001_R1_001_CTAC.tr0,data/lane2/subset/19_S19_L002_R1_001_CTAC.tr0
294,ucin228z,36.5,-95.064,False,,294,36,TGTC,ucin228z,data/lane1/subset/36_S36_L001_R1_001_TGTC.tr0,data/lane2/subset/36_S36_L002_R1_001_TGTC.tr0
295,ucin229,35.5024345,-94.7507569,False,,295,20,CTAC,ucin229,data/lane1/subset/20_S20_L001_R1_001_CTAC.tr0,data/lane2/subset/20_S20_L002_R1_001_CTAC.tr0
296,ucin230,35.741,-94.741,False,,296,21,CTAC,ucin230,data/lane1/subset/21_S21_L001_R1_001_CTAC.tr0,data/lane2/subset/21_S21_L002_R1_001_CTAC.tr0
297,ucin231,36.5236688,-95.0319308,False,,297,22,CTAC,ucin231,data/lane1/subset/22_S22_L001_R1_001_CTAC.tr0,data/lane2/subset/22_S22_L002_R1_001_CTAC.tr0
298,ucin232,36.5236688,-95.0319308,False,,298,23,CTAC,ucin232,data/lane1/subset/23_S23_L001_R1_001_CTAC.tr0,data/lane2/subset/23_S23_L002_R1_001_CTAC.tr0
299,ucin233,35.8152245,-94.631465,False,,299,24,CTAC,ucin233,data/lane1/subset/24_S24_L001_R1_001_CTAC.tr0,data/lane2/subset/24_S24_L002_R1_001_CTAC.tr0
300,ucin234,34.586349,-97.186188,False,,300,17,TGTC,ucin234,data/lane1/subset/17_S17_L001_R1_001_TGTC.tr0,data/lane2/subset/17_S17_L002_R1_001_TGTC.tr0
301,ucin235z,36.5236688,-95.0319308,False,,301,36,TCAC,ucin235z,data/lane1/subset/36_S36_L001_R1_001_TCAC.tr0,data/lane2/subset/36_S36_L002_R1_001_TCAC.tr0
302,ucin236,35.8152245,-94.631465,False,ucin236replicate,302,18,TGTC,ucin236,data/lane1/subset/18_S18_L001_R1_001_TGTC.tr0,data/lane2/subset/18_S18_L002_R1_001_TGTC.tr0
303,ucin236replicate,35.8152245,-94.631465,True,,303,17,TCAC,ucin236replicate,data/lane1/subset/17_S17_L001_R1_001_TCAC.tr0,data/lane2/subset/17_S17_L002_R1_001_TCAC.tr0
304,ucin237,34.7093497,-97.312723,False,,304,19,TGTC,ucin237,data/lane1/subset/19_S19_L001_R1_001_TGTC.tr0,data/lane2/subset/19_S19_L002_R1_001_TGTC.tr0
305,ucin238,35.8152245,-94.631465,False,,305,20,TGTC,ucin238,data/lane1/subset/20_S20_L001_R1_001_TGTC.tr0,data/lane2/subset/20_S20_L002_R1_001_TGTC.tr0
306,ucin239,41.399,-96.4833,False,,306,21,TGTC,ucin239,data/lane1/subset/21_S21_L001_R1_001_TGTC.tr0,data/lane2/subset/21_S21_L002_R1_001_TGTC.tr0
307,ucin240,34.898432,-94.090763,False,,307,22,TGTC,ucin240,data/lane1/subset/22_S22_L001_R1_001_TGTC.tr0,data/lane2/subset/22_S22_L002_R1_001_TGTC.tr0
308,ucin241,35.4629127,-92.9791298,False,,308,23,TGTC,ucin241,data/lane1/subset/23_S23_L001_R1_001_TGTC.tr0,data/lane2/subset/23_S23_L002_R1_001_TGTC.tr0
309,ucin242,34.908156,-94.386884,False,,309,24,TGTC,ucin242,data/lane1/subset/24_S24_L001_R1_001_TGTC.tr0,data/lane2/subset/24_S24_L002_R1_001_TGTC.tr0
310,ucin243,36.052,-90.973,False,,310,18,TCAC,ucin243,data/lane1/subset/18_S18_L001_R1_001_TCAC.tr0,data/lane2/subset/18_S18_L002_R1_001_TCAC.tr0
311,ucin244,34.5808341,-94.237096,False,,311,19,TCAC,ucin244,data/lane1/subset/19_S19_L001_R1_001_TCAC.tr0,data/lane2/subset/19_S19_L002_R1_001_TCAC.tr0
312,ucin245,33.4665491,-92.1691559,False,,312,20,TCAC,ucin245,data/lane1/subset/20_S20_L001_R1_001_TCAC.tr0,data/lane2/subset/20_S20_L002_R1_001_TCAC.tr0
313,ucin246z,33.3308,-93.90999,False,,313,36,GACT,ucin246z,data/lane1/subset/36_S36_L001_R1_001_GACT.tr0,data/lane2/subset/36_S36_L002_R1_001_GACT.tr0
314,ucin249,34.0830639,-93.9909315,False,,314,21,TCAC,ucin249,data/lane1/subset/21_S21_L001_R1_001_TCAC.tr0,data/lane2/subset/21_S21_L002_R1_001_TCAC.tr0
315,ucin251,35.707966,-92.51875,False,,315,22,TCAC,ucin251,data/lane1/subset/22_S22_L001_R1_001_TCAC.tr0,data/lane2/subset/22_S22_L002_R1_001_TCAC.tr0
316,ucin252z,35.085091,-93.136563,False,,316,37,GTGT,ucin252z,data/lane1/subset/37_S37_L001_R1_001_GTGT.tr0,data/lane2/subset/37_S37_L002_R1_001_GTGT.tr0
317,ucin253,36.291422,-91.855491,False,,317,23,TCAC,ucin253,data/lane1/subset/23_S23_L001_R1_001_TCAC.tr0,data/lane2/subset/23_S23_L002_R1_001_TCAC.tr0
318,ucin256,35.02292,-93.10581,False,,318,24,TCAC,ucin256,data/lane1/subset/24_S24_L001_R1_001_TCAC.tr0,data/lane2/subset/24_S24_L002_R1_001_TCAC.tr0
319,ucin257,35.04195,-93.307617,False,,319,17,GACT,ucin257,data/lane1/subset/17_S17_L001_R1_001_GACT.tr0,data/lane2/subset/17_S17_L002_R1_001_GACT.tr0
320,ucin258,35.9107424,-93.2158985,False,,320,18,GACT,ucin258,data/lane1/subset/18_S18_L001_R1_001_GACT.tr0,data/lane2/subset/18_S18_L002_R1_001_GACT.tr0
321,ucin259,33.861439,-93.821129,False,,321,19,GACT,ucin259,data/lane1/subset/19_S19_L001_R1_001_GACT.tr0,data/lane2/subset/19_S19_L002_R1_001_GACT.tr0
322,ucin260reconc,36.24955278,-93.50541389,False,,322,20,GACT,ucin260reconc,data/lane1/subset/20_S20_L001_R1_001_GACT.tr0,data/lane2/subset/20_S20_L002_R1_001_GACT.tr0
323,ucin261,35.2306077,-93.0608406,False,ucin261replicate,323,21,GACT,ucin261,data/lane1/subset/21_S21_L001_R1_001_GACT.tr0,data/lane2/subset/21_S21_L002_R1_001_GACT.tr0
324,ucin261replicate,35.2306077,-93.0608406,True,,324,32,GTGT,ucin261replicate,data/lane1/subset/32_S32_L001_R1_001_GTGT.tr0,data/lane2/subset/32_S32_L002_R1_001_GTGT.tr0
325,ucin262reconc,33.6247683,-91.7937121,False,,325,22,GACT,ucin262reconc,data/lane1/subset/22_S22_L001_R1_001_GACT.tr0,data/lane2/subset/22_S22_L002_R1_001_GACT.tr0
326,ucin263,34.2855683,-92.4229794,False,,326,23,GACT,ucin263,data/lane1/subset/23_S23_L001_R1_001_GACT.tr0,data/lane2/subset/23_S23_L002_R1_001_GACT.tr0
327,ucin264,36.312786,-93.0112211,False,,327,24,GACT,ucin264,data/lane1/subset/24_S24_L001_R1_001_GACT.tr0,data/lane2/subset/24_S24_L002_R1_001_GACT.tr0
328,ucin265conc,33.957675,-91.7276258,False,,328,25,GTGT,ucin265conc,data/lane1/subset/25_S25_L001_R1_001_GTGT.tr0,data/lane2/subset/25_S25_L002_R1_001_GTGT.tr0
329,ucin266reconc,36.0365815,-94.2524659,False,,329,26,GTGT,ucin266reconc,data/lane1/subset/26_S26_L001_R1_001_GTGT.tr0,data/lane2/subset/26_S26_L002_R1_001_GTGT.tr0
330,ucin267,36.49430833,-94.42558611,False,,330,27,GTGT,ucin267,data/lane1/subset/27_S27_L001_R1_001_GTGT.tr0,data/lane2/subset/27_S27_L002_R1_001_GTGT.tr0
331,ucin268,34.2873568,-91.3383081,False,,331,28,GTGT,ucin268,data/lane1/subset/28_S28_L001_R1_001_GTGT.tr0,data/lane2/subset/28_S28_L002_R1_001_GTGT.tr0
332,ucin269,34.2855683,-92.4229794,False,,332,29,GTGT,ucin269,data/lane1/subset/29_S29_L001_R1_001_GTGT.tr0,data/lane2/subset/29_S29_L002_R1_001_GTGT.tr0
333,ucin270,35.5150168,-93.3321354,False,,333,30,GTGT,ucin270,data/lane1/subset/30_S30_L001_R1_001_GTGT.tr0,data/lane2/subset/30_S30_L002_R1_001_GTGT.tr0
334,ucin271REz,34.7954255,-91.7404936,False,,334,37,AGAC,ucin271REz,data/lane1/subset/37_S37_L001_R1_001_AGAC.tr0,data/lane2/subset/37_S37_L002_R1_001_AGAC.tr0
335,ucin273,35.934924,-94.18111,False,,335,31,GTGT,ucin273,data/lane1/subset/31_S31_L001_R1_001_GTGT.tr0,data/lane2/subset/31_S31_L002_R1_001_GTGT.tr0
336,ucin274re,36.030909,-93.25629,False,,336,25,AGAC,ucin274re,data/lane1/subset/25_S25_L001_R1_001_AGAC.tr0,data/lane2/subset/25_S25_L002_R1_001_AGAC.tr0
337,ucin275,36.432289,-92.76878,False,,337,26,AGAC,ucin275,data/lane1/subset/26_S26_L001_R1_001_AGAC.tr0,data/lane2/subset/26_S26_L002_R1_001_AGAC.tr0
338,ucin276z,33.5879936,-93.391012,False,,338,37,ACCA,ucin276z,data/lane1/subset/37_S37_L001_R1_001_ACCA.tr0,data/lane2/subset/37_S37_L002_R1_001_ACCA.tr0
339,ucin277z,36.0125452,-93.7240531,False,,339,37,AGTG,ucin277z,data/lane1/subset/37_S37_L001_R1_001_AGTG.tr0,data/lane2/subset/37_S37_L002_R1_001_AGTG.tr0
340,ucin278z,44.894954,-83.4265739,False,,340,37,CATC,ucin278z,data/lane1/subset/37_S37_L001_R1_001_CATC.tr0,data/lane2/subset/37_S37_L002_R1_001_CATC.tr0
341,ucin279conc,43.3127822,-85.1494679,False,ucin279concreplicate,341,27,AGAC,ucin279conc,data/lane1/subset/27_S27_L001_R1_001_AGAC.tr0,data/lane2/subset/27_S27_L002_R1_001_AGAC.tr0
342,ucin279concreplicate,43.3127822,-85.1494679,True,,342,25,TCAG,ucin279concreplicate,data/lane1/subset/25_S25_L001_R1_001_TCAG.tr0,data/lane2/subset/25_S25_L002_R1_001_TCAG.tr0
343,ucin300,46.5584304,-91.5708921,False,,343,28,AGAC,ucin300,data/lane1/subset/28_S28_L001_R1_001_AGAC.tr0,data/lane2/subset/28_S28_L002_R1_001_AGAC.tr0
344,ucin301,45.794399,-89.31402,False,,344,29,AGAC,ucin301,data/lane1/subset/29_S29_L001_R1_001_AGAC.tr0,data/lane2/subset/29_S29_L002_R1_001_AGAC.tr0
345,ucin302,37.291245,-95.810516,False,,345,30,AGAC,ucin302,data/lane1/subset/30_S30_L001_R1_001_AGAC.tr0,data/lane2/subset/30_S30_L002_R1_001_AGAC.tr0
346,ucin303,37.291245,-95.810516,False,,346,31,AGAC,ucin303,data/lane1/subset/31_S31_L001_R1_001_AGAC.tr0,data/lane2/subset/31_S31_L002_R1_001_AGAC.tr0
347,ucin304,37.552604,-85.2689592,False,,347,32,AGAC,ucin304,data/lane1/subset/32_S32_L001_R1_001_AGAC.tr0,data/lane2/subset/32_S32_L002_R1_001_AGAC.tr0
348,ucin305,36.753319,-85.118163,False,,348,25,ACCA,ucin305,data/lane1/subset/25_S25_L001_R1_001_ACCA.tr0,data/lane2/subset/25_S25_L002_R1_001_ACCA.tr0
349,ucin306,36.7580236,-84.1446484,False,,349,26,ACCA,ucin306,data/lane1/subset/26_S26_L001_R1_001_ACCA.tr0,data/lane2/subset/26_S26_L002_R1_001_ACCA.tr0
350,ucin307,38.6962842,-84.3519435,False,,350,27,ACCA,ucin307,data/lane1/subset/27_S27_L001_R1_001_ACCA.tr0,data/lane2/subset/27_S27_L002_R1_001_ACCA.tr0
351,ucin308,36.7580236,-84.1446484,False,,351,28,ACCA,ucin308,data/lane1/subset/28_S28_L001_R1_001_ACCA.tr0,data/lane2/subset/28_S28_L002_R1_001_ACCA.tr0
352,ucin309,37.3164351,-85.8790995,False,,352,29,ACCA,ucin309,data/lane1/subset/29_S29_L001_R1_001_ACCA.tr0,data/lane2/subset/29_S29_L002_R1_001_ACCA.tr0
353,ucin310conc,37.3219623,-84.9282195,False,,353,30,ACCA,ucin310conc,data/lane1/subset/30_S30_L001_R1_001_ACCA.tr0,data/lane2/subset/30_S30_L002_R1_001_ACCA.tr0
354,ucin311,36.7580236,-84.1446484,False,,354,31,ACCA,ucin311,data/lane1/subset/31_S31_L001_R1_001_ACCA.tr0,data/lane2/subset/31_S31_L002_R1_001_ACCA.tr0
355,ucin312,36.753319,-85.118163,False,,355,32,ACCA,ucin312,data/lane1/subset/32_S32_L001_R1_001_ACCA.tr0,data/lane2/subset/32_S32_L002_R1_001_ACCA.tr0
356,ucin313,36.964775,-89.089235,False,,356,25,AGTG,ucin313,data/lane1/subset/25_S25_L001_R1_001_AGTG.tr0,data/lane2/subset/25_S25_L002_R1_001_AGTG.tr0
357,ucin314z,36.964775,-89.089235,False,,357,37,GTGA,ucin314z,data/lane1/subset/37_S37_L001_R1_001_GTGA.tr0,data/lane2/subset/37_S37_L002_R1_001_GTGA.tr0
358,ucin315,36.964775,-89.089235,False,,358,26,AGTG,ucin315,data/lane1/subset/26_S26_L001_R1_001_AGTG.tr0,data/lane2/subset/26_S26_L002_R1_001_AGTG.tr0
359,ucin316,38.6962842,-84.3519435,False,,359,27,AGTG,ucin316,data/lane1/subset/27_S27_L001_R1_001_AGTG.tr0,data/lane2/subset/27_S27_L002_R1_001_AGTG.tr0
360,ucin317z,37.4571737,-84.6583354,False,,360,37,TCAG,ucin317z,data/lane1/subset/37_S37_L001_R1_001_TCAG.tr0,data/lane2/subset/37_S37_L002_R1_001_TCAG.tr0
361,ucin318,37.4571737,-84.6583354,False,,361,28,AGTG,ucin318,data/lane1/subset/28_S28_L001_R1_001_AGTG.tr0,data/lane2/subset/28_S28_L002_R1_001_AGTG.tr0
362,ucin319z,36.7580236,-84.1446484,False,,362,37,GCTT,ucin319z,data/lane1/subset/37_S37_L001_R1_001_GCTT.tr0,data/lane2/subset/37_S37_L002_R1_001_GCTT.tr0
363,ucin320z,37.3164351,-85.8790995,False,,363,37,CTAC,ucin320z,data/lane1/subset/37_S37_L001_R1_001_CTAC.tr0,data/lane2/subset/37_S37_L002_R1_001_CTAC.tr0
364,ucin321,37.8006287,-83.8200155,False,,364,29,AGTG,ucin321,data/lane1/subset/29_S29_L001_R1_001_AGTG.tr0,data/lane2/subset/29_S29_L002_R1_001_AGTG.tr0
365,ucin322,37.3219623,-84.9282195,False,,365,30,AGTG,ucin322,data/lane1/subset/30_S30_L001_R1_001_AGTG.tr0,data/lane2/subset/30_S30_L002_R1_001_AGTG.tr0
366,ucin323,36.7580236,-84.1446484,False,,366,31,AGTG,ucin323,data/lane1/subset/31_S31_L001_R1_001_AGTG.tr0,data/lane2/subset/31_S31_L002_R1_001_AGTG.tr0
367,ucin324z,37.8006287,-83.8200155,False,,367,37,TGTC,ucin324z,data/lane1/subset/37_S37_L001_R1_001_TGTC.tr0,data/lane2/subset/37_S37_L002_R1_001_TGTC.tr0
368,ucin325re,38.6683939,-85.1240238,False,,368,32,AGTG,ucin325re,data/lane1/subset/32_S32_L001_R1_001_AGTG.tr0,data/lane2/subset/32_S32_L002_R1_001_AGTG.tr0
369,ucin326conc,38.6962842,-84.3519435,False,,369,25,CATC,ucin326conc,data/lane1/subset/25_S25_L001_R1_001_CATC.tr0,data/lane2/subset/25_S25_L002_R1_001_CATC.tr0
370,ucin327re,38.6962842,-84.3519435,False,,370,26,CATC,ucin327re,data/lane1/subset/26_S26_L001_R1_001_CATC.tr0,data/lane2/subset/26_S26_L002_R1_001_CATC.tr0
371,ucin328,36.753319,-85.118163,False,,371,27,CATC,ucin328,data/lane1/subset/27_S27_L001_R1_001_CATC.tr0,data/lane2/subset/27_S27_L002_R1_001_CATC.tr0
372,ucin329,36.8598288,-86.8814363,False,,372,28,CATC,ucin329,data/lane1/subset/28_S28_L001_R1_001_CATC.tr0,data/lane2/subset/28_S28_L002_R1_001_CATC.tr0
373,ucin330,37.8006287,-83.8200155,False,,373,29,CATC,ucin330,data/lane1/subset/29_S29_L001_R1_001_CATC.tr0,data/lane2/subset/29_S29_L002_R1_001_CATC.tr0
374,ucin331,36.7580236,-84.1446484,False,,374,30,CATC,ucin331,data/lane1/subset/30_S30_L001_R1_001_CATC.tr0,data/lane2/subset/30_S30_L002_R1_001_CATC.tr0
375,ucin332,37.516646,-83.410741,False,,375,31,CATC,ucin332,data/lane1/subset/31_S31_L001_R1_001_CATC.tr0,data/lane2/subset/31_S31_L002_R1_001_CATC.tr0
376,ucin333,38.054,-82.587,False,,376,32,CATC,ucin333,data/lane1/subset/32_S32_L001_R1_001_CATC.tr0,data/lane2/subset/32_S32_L002_R1_001_CATC.tr0
377,ucin334re,37.8006287,-83.8200155,False,,377,25,GTGA,ucin334re,data/lane1/subset/25_S25_L001_R1_001_GTGA.tr0,data/lane2/subset/25_S25_L002_R1_001_GTGA.tr0
378,ucin335z,37.933793,-86.057137,False,,378,37,TCAC,ucin335z,data/lane1/subset/37_S37_L001_R1_001_TCAC.tr0,data/lane2/subset/37_S37_L002_R1_001_TCAC.tr0
379,ucin336,38.6962842,-84.3519435,False,,379,26,GTGA,ucin336,data/lane1/subset/26_S26_L001_R1_001_GTGA.tr0,data/lane2/subset/26_S26_L002_R1_001_GTGA.tr0
380,ucin337,37.8006287,-83.8200155,False,,380,27,GTGA,ucin337,data/lane1/subset/27_S27_L001_R1_001_GTGA.tr0,data/lane2/subset/27_S27_L002_R1_001_GTGA.tr0
381,ucin338,37.366184,-85.3278364,False,,381,28,GTGA,ucin338,data/lane1/subset/28_S28_L001_R1_001_GTGA.tr0,data/lane2/subset/28_S28_L002_R1_001_GTGA.tr0
382,ucin339,37.1083118,-84.5799857,False,,382,29,GTGA,ucin339,data/lane1/subset/29_S29_L001_R1_001_GTGA.tr0,data/lane2/subset/29_S29_L002_R1_001_GTGA.tr0
383,ucin340,37.753493,-82.697581,False,,383,30,GTGA,ucin340,data/lane1/subset/30_S30_L001_R1_001_GTGA.tr0,data/lane2/subset/30_S30_L002_R1_001_GTGA.tr0
384,ucin341conc,37.1083118,-84.5799857,False,,384,31,GTGA,ucin341conc,data/lane1/subset/31_S31_L001_R1_001_GTGA.tr0,data/lane2/subset/31_S31_L002_R1_001_GTGA.tr0
385,ucin342re,38.2898823,-84.579376,False,,385,32,GTGA,ucin342re,data/lane1/subset/32_S32_L001_R1_001_GTGA.tr0,data/lane2/subset/32_S32_L002_R1_001_GTGA.tr0
386,ucin343conc,38.2898823,-84.579376,False,,386,26,TCAG,ucin343conc,data/lane1/subset/26_S26_L001_R1_001_TCAG.tr0,data/lane2/subset/26_S26_L002_R1_001_TCAG.tr0
387,ucin344,37.552604,-85.2689592,False,,387,27,TCAG,ucin344,data/lane1/subset/27_S27_L001_R1_001_TCAG.tr0,data/lane2/subset/27_S27_L002_R1_001_TCAG.tr0
388,ucin345re,37.1083118,-84.5799857,False,,388,28,TCAG,ucin345re,data/lane1/subset/28_S28_L001_R1_001_TCAG.tr0,data/lane2/subset/28_S28_L002_R1_001_TCAG.tr0
389,ucin346,38.2898823,-84.579376,False,,389,29,TCAG,ucin346,data/lane1/subset/29_S29_L001_R1_001_TCAG.tr0,data/lane2/subset/29_S29_L002_R1_001_TCAG.tr0
390,ucin347conc,36.8598288,-86.8814363,False,,390,30,TCAG,ucin347conc,data/lane1/subset/30_S30_L001_R1_001_TCAG.tr0,data/lane2/subset/30_S30_L002_R1_001_TCAG.tr0
391,ucin348,37.1083118,-84.5799857,False,,391,31,TCAG,ucin348,data/lane1/subset/31_S31_L001_R1_001_TCAG.tr0,data/lane2/subset/31_S31_L002_R1_001_TCAG.tr0
392,ucin349conc,38.673814,-83.90991,False,,392,32,TCAG,ucin349conc,data/lane1/subset/32_S32_L001_R1_001_TCAG.tr0,data/lane2/subset/32_S32_L002_R1_001_TCAG.tr0
393,ucin350,38.2898823,-84.579376,False,,393,25,GCTT,ucin350,data/lane1/subset/25_S25_L001_R1_001_GCTT.tr0,data/lane2/subset/25_S25_L002_R1_001_GCTT.tr0
394,ucin351re,37.1083118,-84.5799857,False,,394,26,GCTT,ucin351re,data/lane1/subset/26_S26_L001_R1_001_GCTT.tr0,data/lane2/subset/26_S26_L002_R1_001_GCTT.tr0
395,ucin352z,37.3219623,-84.9282195,False,,395,37,GACT,ucin352z,data/lane1/subset/37_S37_L001_R1_001_GACT.tr0,data/lane2/subset/37_S37_L002_R1_001_GACT.tr0
396,ucin353z,30.8634368,-91.7987173,False,,396,38,GTGT,ucin353z,data/lane1/subset/38_S38_L001_R1_001_GTGT.tr0,data/lane2/subset/38_S38_L002_R1_001_GTGT.tr0
397,ucin354,30.8634368,-91.7987173,False,,397,27,GCTT,ucin354,data/lane1/subset/27_S27_L001_R1_001_GCTT.tr0,data/lane2/subset/27_S27_L002_R1_001_GCTT.tr0
398,ucin355,30.8634368,-91.7987173,False,,398,28,GCTT,ucin355,data/lane1/subset/28_S28_L001_R1_001_GCTT.tr0,data/lane2/subset/28_S28_L002_R1_001_GCTT.tr0
399,ucin356,30.8634368,-91.7987173,False,,399,29,GCTT,ucin356,data/lane1/subset/29_S29_L001_R1_001_GCTT.tr0,data/lane2/subset/29_S29_L002_R1_001_GCTT.tr0
400,ucin357z,30.8634368,-91.7987173,False,,400,38,AGAC,ucin357z,data/lane1/subset/38_S38_L001_R1_001_AGAC.tr0,data/lane2/subset/38_S38_L002_R1_001_AGAC.tr0
401,ucin358conc,30.8634368,-91.7987173,False,,401,30,GCTT,ucin358conc,data/lane1/subset/30_S30_L001_R1_001_GCTT.tr0,data/lane2/subset/30_S30_L002_R1_001_GCTT.tr0
402,ucin359,30.8634368,-91.7987173,False,,402,31,GCTT,ucin359,data/lane1/subset/31_S31_L001_R1_001_GCTT.tr0,data/lane2/subset/31_S31_L002_R1_001_GCTT.tr0
403,ucin360,30.8634368,-91.7987173,False,,403,32,GCTT,ucin360,data/lane1/subset/32_S32_L001_R1_001_GCTT.tr0,data/lane2/subset/32_S32_L002_R1_001_GCTT.tr0
404,ucin361,30.8634368,-91.7987173,False,,404,25,CTAC,ucin361,data/lane1/subset/25_S25_L001_R1_001_CTAC.tr0,data/lane2/subset/25_S25_L002_R1_001_CTAC.tr0
405,ucin362z,30.8634368,-91.7987173,False,,405,38,ACCA,ucin362z,data/lane1/subset/38_S38_L001_R1_001_ACCA.tr0,data/lane2/subset/38_S38_L002_R1_001_ACCA.tr0
406,ucin363,30.8634368,-91.7987173,False,,406,26,CTAC,ucin363,data/lane1/subset/26_S26_L001_R1_001_CTAC.tr0,data/lane2/subset/26_S26_L002_R1_001_CTAC.tr0
407,ucin364conc,30.8634368,-91.7987173,False,,407,27,CTAC,ucin364conc,data/lane1/subset/27_S27_L001_R1_001_CTAC.tr0,data/lane2/subset/27_S27_L002_R1_001_CTAC.tr0
408,ucin365,40.678207,-92.80576,False,,408,28,CTAC,ucin365,data/lane1/subset/28_S28_L001_R1_001_CTAC.tr0,data/lane2/subset/28_S28_L002_R1_001_CTAC.tr0
409,ucin379,36.9448579,-90.9457051,False,,409,29,CTAC,ucin379,data/lane1/subset/29_S29_L001_R1_001_CTAC.tr0,data/lane2/subset/29_S29_L002_R1_001_CTAC.tr0
410,ucin380conc,36.9448579,-90.9457051,False,,410,30,CTAC,ucin380conc,data/lane1/subset/30_S30_L001_R1_001_CTAC.tr0,data/lane2/subset/30_S30_L002_R1_001_CTAC.tr0
411,ucin381,36.9448579,-90.9457051,False,,411,31,CTAC,ucin381,data/lane1/subset/31_S31_L001_R1_001_CTAC.tr0,data/lane2/subset/31_S31_L002_R1_001_CTAC.tr0
412,ucin382,36.9448579,-90.9457051,False,,412,32,CTAC,ucin382,data/lane1/subset/32_S32_L001_R1_001_CTAC.tr0,data/lane2/subset/32_S32_L002_R1_001_CTAC.tr0
413,ucin383,38.304676,-86.818688,False,,413,25,TGTC,ucin383,data/lane1/subset/25_S25_L001_R1_001_TGTC.tr0,data/lane2/subset/25_S25_L002_R1_001_TGTC.tr0
414,ucin384REz,39.165325,-86.526386,False,,414,38,AGTG,ucin384REz,data/lane1/subset/38_S38_L001_R1_001_AGTG.tr0,data/lane2/subset/38_S38_L002_R1_001_AGTG.tr0
415,ucin385,38.163672,-86.579706,False,,415,26,TGTC,ucin385,data/lane1/subset/26_S26_L001_R1_001_TGTC.tr0,data/lane2/subset/26_S26_L002_R1_001_TGTC.tr0
416,ucin386,39.026991,-86.937505,False,,416,27,TGTC,ucin386,data/lane1/subset/27_S27_L001_R1_001_TGTC.tr0,data/lane2/subset/27_S27_L002_R1_001_TGTC.tr0
417,ucin399,41.5682,-94.0607,False,,417,28,TGTC,ucin399,data/lane1/subset/28_S28_L001_R1_001_TGTC.tr0,data/lane2/subset/28_S28_L002_R1_001_TGTC.tr0
418,ucin400,43.136722,-93.20875,False,,418,29,TGTC,ucin400,data/lane1/subset/29_S29_L001_R1_001_TGTC.tr0,data/lane2/subset/29_S29_L002_R1_001_TGTC.tr0
419,ucin401,30.8634368,-91.7987173,False,,419,30,TGTC,ucin401,data/lane1/subset/30_S30_L001_R1_001_TGTC.tr0,data/lane2/subset/30_S30_L002_R1_001_TGTC.tr0
420,ucin402,30.8634368,-91.7987173,False,,420,31,TGTC,ucin402,data/lane1/subset/31_S31_L001_R1_001_TGTC.tr0,data/lane2/subset/31_S31_L002_R1_001_TGTC.tr0
421,ucin404,46.3161343,-94.1994801,False,,421,25,TCAC,ucin404,data/lane1/subset/25_S25_L001_R1_001_TCAC.tr0,data/lane2/subset/25_S25_L002_R1_001_TCAC.tr0
422,ucin405,46.3161343,-94.1994801,False,,422,26,TCAC,ucin405,data/lane1/subset/26_S26_L001_R1_001_TCAC.tr0,data/lane2/subset/26_S26_L002_R1_001_TCAC.tr0
423,ucin406RE,47.9818678,-97.0944217,False,,423,33,GACT,ucin406RE,data/lane1/subset/33_S33_L001_R1_001_GACT.tr0,data/lane2/subset/33_S33_L002_R1_001_GACT.tr0
424,ucin407RE,41.376443,-93.273094,False,,424,34,GTGT,ucin407RE,data/lane1/subset/34_S34_L001_R1_001_GTGT.tr0,data/lane2/subset/34_S34_L002_R1_001_GTGT.tr0
425,ucin408re,39.473205,-81.87687,False,,425,27,TCAC,ucin408re,data/lane1/subset/27_S27_L001_R1_001_TCAC.tr0,data/lane2/subset/27_S27_L002_R1_001_TCAC.tr0
426,ucin409,39.071363,-83.0529118,False,,426,28,TCAC,ucin409,data/lane1/subset/28_S28_L001_R1_001_TCAC.tr0,data/lane2/subset/28_S28_L002_R1_001_TCAC.tr0
427,ucin410z,39.15086,-82.38558,False,,427,38,CATC,ucin410z,data/lane1/subset/38_S38_L001_R1_001_CATC.tr0,data/lane2/subset/38_S38_L002_R1_001_CATC.tr0
428,ucin411z,39.21577,-81.85621,False,,428,38,GTGA,ucin411z,data/lane1/subset/38_S38_L001_R1_001_GTGA.tr0,data/lane2/subset/38_S38_L002_R1_001_GTGA.tr0
429,ucin412,39.071363,-83.0529118,False,,429,29,TCAC,ucin412,data/lane1/subset/29_S29_L001_R1_001_TCAC.tr0,data/lane2/subset/29_S29_L002_R1_001_TCAC.tr0
430,ucin413,39.071363,-83.0529118,False,ucin413replicate,430,30,TCAC,ucin413,data/lane1/subset/30_S30_L001_R1_001_TCAC.tr0,data/lane2/subset/30_S30_L002_R1_001_TCAC.tr0
431,ucin413replicate,39.071363,-83.0529118,True,,431,34,AGAC,ucin413replicate,data/lane1/subset/34_S34_L001_R1_001_AGAC.tr0,data/lane2/subset/34_S34_L002_R1_001_AGAC.tr0
432,ucin414,40.8786,-81.01948,False,,432,31,TCAC,ucin414,data/lane1/subset/31_S31_L001_R1_001_TCAC.tr0,data/lane2/subset/31_S31_L002_R1_001_TCAC.tr0
433,ucin415,39.99136,-81.54904,False,,433,32,TCAC,ucin415,data/lane1/subset/32_S32_L001_R1_001_TCAC.tr0,data/lane2/subset/32_S32_L002_R1_001_TCAC.tr0
434,ucin416,39.46034,-81.43989,False,,434,25,GACT,ucin416,data/lane1/subset/25_S25_L001_R1_001_GACT.tr0,data/lane2/subset/25_S25_L002_R1_001_GACT.tr0
435,ucin417z,39.76258,-81.115398,False,,435,38,TCAG,ucin417z,data/lane1/subset/38_S38_L001_R1_001_TCAG.tr0,data/lane2/subset/38_S38_L002_R1_001_TCAG.tr0
436,ucin418z,39.015,-82.66933,False,,436,38,GCTT,ucin418z,data/lane1/subset/38_S38_L001_R1_001_GCTT.tr0,data/lane2/subset/38_S38_L002_R1_001_GCTT.tr0
437,ucin419conc,39.807295,-81.467899,False,,437,26,GACT,ucin419conc,data/lane1/subset/26_S26_L001_R1_001_GACT.tr0,data/lane2/subset/26_S26_L002_R1_001_GACT.tr0
438,ucin420,39.24964,-82.18651,False,,438,27,GACT,ucin420,data/lane1/subset/27_S27_L001_R1_001_GACT.tr0,data/lane2/subset/27_S27_L002_R1_001_GACT.tr0
439,ucin421z,39.24964,-82.18651,False,,439,38,CTAC,ucin421z,data/lane1/subset/38_S38_L001_R1_001_CTAC.tr0,data/lane2/subset/38_S38_L002_R1_001_CTAC.tr0
440,ucin422,39.0134773,-82.614142,False,,440,28,GACT,ucin422,data/lane1/subset/28_S28_L001_R1_001_GACT.tr0,data/lane2/subset/28_S28_L002_R1_001_GACT.tr0
441,ucin423z,39.30567,-82.11199,False,,441,38,TGTC,ucin423z,data/lane1/subset/38_S38_L001_R1_001_TGTC.tr0,data/lane2/subset/38_S38_L002_R1_001_TGTC.tr0
442,ucin424,39.65905,-81.88533,False,,442,29,GACT,ucin424,data/lane1/subset/29_S29_L001_R1_001_GACT.tr0,data/lane2/subset/29_S29_L002_R1_001_GACT.tr0
443,ucin425,39.2405,-82.45243,False,,443,30,GACT,ucin425,data/lane1/subset/30_S30_L001_R1_001_GACT.tr0,data/lane2/subset/30_S30_L002_R1_001_GACT.tr0
444,ucin426,39.071363,-83.0529118,False,,444,31,GACT,ucin426,data/lane1/subset/31_S31_L001_R1_001_GACT.tr0,data/lane2/subset/31_S31_L002_R1_001_GACT.tr0
445,ucin427RE,39.59501,-81.87035,False,,445,34,ACCA,ucin427RE,data/lane1/subset/34_S34_L001_R1_001_ACCA.tr0,data/lane2/subset/34_S34_L002_R1_001_ACCA.tr0
446,ucin428z,47.578635,-92.51457,False,,446,38,TCAC,ucin428z,data/lane1/subset/38_S38_L001_R1_001_TCAC.tr0,data/lane2/subset/38_S38_L002_R1_001_TCAC.tr0
447,ucin429,46.3161343,-94.1994801,False,,447,32,GACT,ucin429,data/lane1/subset/32_S32_L001_R1_001_GACT.tr0,data/lane2/subset/32_S32_L002_R1_001_GACT.tr0
448,ucin430z,47.578635,-92.51457,False,,448,38,GACT,ucin430z,data/lane1/subset/38_S38_L001_R1_001_GACT.tr0,data/lane2/subset/38_S38_L002_R1_001_GACT.tr0
449,ucin431z,47.578635,-92.51457,False,,449,32,TGTC,ucin431z,data/lane1/subset/32_S32_L001_R1_001_TGTC.tr0,data/lane2/subset/32_S32_L002_R1_001_TGTC.tr0
450,ucin432z,47.578635,-92.51457,False,,450,33,GTGT,ucin432z,data/lane1/subset/33_S33_L001_R1_001_GTGT.tr0,data/lane2/subset/33_S33_L002_R1_001_GTGT.tr0
451,ucin433,47.578635,-92.51457,False,,451,33,AGAC,ucin433,data/lane1/subset/33_S33_L001_R1_001_AGAC.tr0,data/lane2/subset/33_S33_L002_R1_001_AGAC.tr0
452,ucin434,41.002049,-93.274419,False,,452,33,ACCA,ucin434,data/lane1/subset/33_S33_L001_R1_001_ACCA.tr0,data/lane2/subset/33_S33_L002_R1_001_ACCA.tr0
453,ucin435,41.8221,-90.578,False,,453,33,AGTG,ucin435,data/lane1/subset/33_S33_L001_R1_001_AGTG.tr0,data/lane2/subset/33_S33_L002_R1_001_AGTG.tr0
454,ucin436,43.331593,-92.120109,False,,454,33,CATC,ucin436,data/lane1/subset/33_S33_L001_R1_001_CATC.tr0,data/lane2/subset/33_S33_L002_R1_001_CATC.tr0
455,ucin437,43.331593,-92.120109,False,,455,33,GTGA,ucin437,data/lane1/subset/33_S33_L001_R1_001_GTGA.tr0,data/lane2/subset/33_S33_L002_R1_001_GTGA.tr0
